# run,cmsls,prescidx,totprescval,hltpath/prescval,logic,l1bit/prescval
315974,1,2,0.00,HLT_Mu10p5_IP3p5_part0_v1/0,OR,L1_SingleMu22/1.00 L1_SingleMu25/1.00 L1_SingleMu6er1p5/0.00 L1_SingleMu7er1p5/0.00 L1_SingleMu8er1p5/0.00 L1_SingleMu10er1p5/0.00 L1_SingleMu12er1p5/0.00 L1_SingleMu14er1p5/0.00 L1_SingleMu18er1p5/0.00
315974,21,9,6.00,HLT_Mu10p5_IP3p5_part0_v1/6,OR,L1_SingleMu22/1.00 L1_SingleMu25/1.00 L1_SingleMu6er1p5/0.00 L1_SingleMu7er1p5/0.00 L1_SingleMu8er1p5/0.00 L1_SingleMu10er1p5/1.00 L1_SingleMu12er1p5/1.00 L1_SingleMu14er1p5/1.00 L1_SingleMu18er1p5/1.00
316060,1,3,0.00,HLT_Mu10p5_IP3p5_part0_v1/0,OR,L1_SingleMu22/1.00 L1_SingleMu25/1.00 L1_SingleMu6er1p5/0.00 L1_SingleMu7er1p5/0.00 L1_SingleMu8er1p5/0.00 L1_SingleMu10er1p5/0.00 L1_SingleMu12er1p5/0.00 L1_SingleMu14er1p5/0.00 L1_SingleMu18er1p5/0.00
316060,219,9,6.00,HLT_Mu10p5_IP3p5_part0_v1/6,OR,L1_SingleMu22/1.00 L1_SingleMu25/1.00 L1_SingleMu6er1p5/0.00 L1_SingleMu7er1p5/0.00 L1_SingleMu8er1p5/0.00 L1_SingleMu10er1p5/1.00 L1_SingleMu12er1p5/1.00 L1_SingleMu14er1p5/1.00 L1_SingleMu18er1p5/1.00
316114,1,2,0.00,HLT_Mu10p5_IP3p5_part0_v1/0,OR,L1_SingleMu22/1.00 L1_SingleMu25/1.00 L1_SingleMu6er1p5/0.00 L1_SingleMu7er1p5/0.00 L1_SingleMu8er1p5/0.00 L1_SingleMu10er1p5/0.00 L1_SingleMu12er1p5/0.00 L1_SingleMu14er1p5/0.00 L1_SingleMu18er1p5/0.00
316114,10,3,0.00,HLT_Mu10p5_IP3p5_part0_v1/0,OR,L1_SingleMu22/1.00 L1_SingleMu25/1.00 L1_SingleMu6er1p5/0.00 L1_SingleMu7er1p5/0.00 L1_SingleMu8er1p5/0.00 L1_SingleMu10er1p5/0.00 L1_SingleMu12er1p5/0.00 L1_SingleMu14er1p5/0.00 L1_SingleMu18er1p5/0.00
316114,726,9,6.00,HLT_Mu10p5_IP3p5_part0_v1/6,OR,L1_SingleMu22/1.00 L1_SingleMu25/1.00 L1_SingleMu6er1p5/0.00 L1_SingleMu7er1p5/0.00 L1_SingleMu8er1p5/0.00 L1_SingleMu10er1p5/1.00 L1_SingleMu12er1p5/1.00 L1_SingleMu14er1p5/1.00 L1_SingleMu18er1p5/1.00
316153,1,2,0.00,HLT_Mu10p5_IP3p5_part0_v1/0,OR,L1_SingleMu22/1.00 L1_SingleMu25/1.00 L1_SingleMu6er1p5/0.00 L1_SingleMu7er1p5/0.00 L1_SingleMu8er1p5/0.00 L1_SingleMu10er1p5/0.00 L1_SingleMu12er1p5/0.00 L1_SingleMu14er1p5/0.00 L1_SingleMu18er1p5/0.00
316153,158,3,0.00,HLT_Mu10p5_IP3p5_part0_v1/0,OR,L1_SingleMu22/1.00 L1_SingleMu25/1.00 L1_SingleMu6er1p5/0.00 L1_SingleMu7er1p5/0.00 L1_SingleMu8er1p5/0.00 L1_SingleMu10er1p5/0.00 L1_SingleMu12er1p5/0.00 L1_SingleMu14er1p5/0.00 L1_SingleMu18er1p5/0.00
316153,392,4,0.00,HLT_Mu10p5_IP3p5_part0_v1/0,OR,L1_SingleMu22/1.00 L1_SingleMu25/1.00 L1_SingleMu6er1p5/0.00 L1_SingleMu7er1p5/0.00 L1_SingleMu8er1p5/0.00 L1_SingleMu10er1p5/1.00 L1_SingleMu12er1p5/1.00 L1_SingleMu14er1p5/1.00 L1_SingleMu18er1p5/1.00
316153,407,10,0.00,HLT_Mu10p5_IP3p5_part0_v1/0,OR,L1_SingleMu22/1.00 L1_SingleMu25/1.00 L1_SingleMu6er1p5/0.00 L1_SingleMu7er1p5/0.00 L1_SingleMu8er1p5/0.00 L1_SingleMu10er1p5/0.00 L1_SingleMu12er1p5/0.00 L1_SingleMu14er1p5/0.00 L1_SingleMu18er1p5/0.00
316153,475,4,0.00,HLT_Mu10p5_IP3p5_part0_v1/0,OR,L1_SingleMu22/1.00 L1_SingleMu25/1.00 L1_SingleMu6er1p5/0.00 L1_SingleMu7er1p5/0.00 L1_SingleMu8er1p5/0.00 L1_SingleMu10er1p5/1.00 L1_SingleMu12er1p5/1.00 L1_SingleMu14er1p5/1.00 L1_SingleMu18er1p5/1.00
316153,684,5,0.00,HLT_Mu10p5_IP3p5_part0_v1/0,OR,L1_SingleMu22/1.00 L1_SingleMu25/1.00 L1_SingleMu6er1p5/0.00 L1_SingleMu7er1p5/0.00 L1_SingleMu8er1p5/0.00 L1_SingleMu10er1p5/1.00 L1_SingleMu12er1p5/1.00 L1_SingleMu14er1p5/1.00 L1_SingleMu18er1p5/1.00
316187,1,2,0.00,HLT_Mu10p5_IP3p5_part0_v1/0,OR,L1_SingleMu22/1.00 L1_SingleMu25/1.00 L1_SingleMu6er1p5/0.00 L1_SingleMu7er1p5/0.00 L1_SingleMu8er1p5/0.00 L1_SingleMu10er1p5/0.00 L1_SingleMu12er1p5/0.00 L1_SingleMu14er1p5/0.00 L1_SingleMu18er1p5/0.00
316187,228,3,0.00,HLT_Mu10p5_IP3p5_part0_v1/0,OR,L1_SingleMu22/1.00 L1_SingleMu25/1.00 L1_SingleMu6er1p5/0.00 L1_SingleMu7er1p5/0.00 L1_SingleMu8er1p5/0.00 L1_SingleMu10er1p5/0.00 L1_SingleMu12er1p5/0.00 L1_SingleMu14er1p5/0.00 L1_SingleMu18er1p5/0.00
316187,523,4,0.00,HLT_Mu10p5_IP3p5_part0_v1/0,OR,L1_SingleMu22/1.00 L1_SingleMu25/1.00 L1_SingleMu6er1p5/0.00 L1_SingleMu7er1p5/0.00 L1_SingleMu8er1p5/0.00 L1_SingleMu10er1p5/1.00 L1_SingleMu12er1p5/1.00 L1_SingleMu14er1p5/1.00 L1_SingleMu18er1p5/1.00
316187,793,5,0.00,HLT_Mu10p5_IP3p5_part0_v1/0,OR,L1_SingleMu22/1.00 L1_SingleMu25/1.00 L1_SingleMu6er1p5/0.00 L1_SingleMu7er1p5/0.00 L1_SingleMu8er1p5/0.00 L1_SingleMu10er1p5/1.00 L1_SingleMu12er1p5/1.00 L1_SingleMu14er1p5/1.00 L1_SingleMu18er1p5/1.00
316187,1127,6,0.00,HLT_Mu10p5_IP3p5_part0_v1/0,OR,L1_SingleMu22/1.00 L1_SingleMu25/1.00 L1_SingleMu6er1p5/0.00 L1_SingleMu7er1p5/0.00 L1_SingleMu8er1p5/1.00 L1_SingleMu10er1p5/1.00 L1_SingleMu12er1p5/1.00 L1_SingleMu14er1p5/1.00 L1_SingleMu18er1p5/1.00
316187,1534,7,0.00,HLT_Mu10p5_IP3p5_part0_v1/0,OR,L1_SingleMu22/1.00 L1_SingleMu25/1.00 L1_SingleMu6er1p5/0.00 L1_SingleMu7er1p5/1.00 L1_SingleMu8er1p5/1.00 L1_SingleMu10er1p5/1.00 L1_SingleMu12er1p5/1.00 L1_SingleMu14er1p5/1.00 L1_SingleMu18er1p5/1.00
316187,1,2,0.00,HLT_Mu10p5_IP3p5_part0_v1/0,OR,L1_SingleMu22/1.00 L1_SingleMu25/1.00 L1_SingleMu6er1p5/0.00 L1_SingleMu7er1p5/0.00 L1_SingleMu8er1p5/0.00 L1_SingleMu10er1p5/0.00 L1_SingleMu12er1p5/0.00 L1_SingleMu14er1p5/0.00 L1_SingleMu18er1p5/0.00
316187,228,3,0.00,HLT_Mu10p5_IP3p5_part0_v1/0,OR,L1_SingleMu22/1.00 L1_SingleMu25/1.00 L1_SingleMu6er1p5/0.00 L1_SingleMu7er1p5/0.00 L1_SingleMu8er1p5/0.00 L1_SingleMu10er1p5/0.00 L1_SingleMu12er1p5/0.00 L1_SingleMu14er1p5/0.00 L1_SingleMu18er1p5/0.00
316187,523,4,0.00,HLT_Mu10p5_IP3p5_part0_v1/0,OR,L1_SingleMu22/1.00 L1_SingleMu25/1.00 L1_SingleMu6er1p5/0.00 L1_SingleMu7er1p5/0.00 L1_SingleMu8er1p5/0.00 L1_SingleMu10er1p5/1.00 L1_SingleMu12er1p5/1.00 L1_SingleMu14er1p5/1.00 L1_SingleMu18er1p5/1.00
316187,793,5,0.00,HLT_Mu10p5_IP3p5_part0_v1/0,OR,L1_SingleMu22/1.00 L1_SingleMu25/1.00 L1_SingleMu6er1p5/0.00 L1_SingleMu7er1p5/0.00 L1_SingleMu8er1p5/0.00 L1_SingleMu10er1p5/1.00 L1_SingleMu12er1p5/1.00 L1_SingleMu14er1p5/1.00 L1_SingleMu18er1p5/1.00
316187,1127,6,0.00,HLT_Mu10p5_IP3p5_part0_v1/0,OR,L1_SingleMu22/1.00 L1_SingleMu25/1.00 L1_SingleMu6er1p5/0.00 L1_SingleMu7er1p5/0.00 L1_SingleMu8er1p5/1.00 L1_SingleMu10er1p5/1.00 L1_SingleMu12er1p5/1.00 L1_SingleMu14er1p5/1.00 L1_SingleMu18er1p5/1.00
316187,1534,7,0.00,HLT_Mu10p5_IP3p5_part0_v1/0,OR,L1_SingleMu22/1.00 L1_SingleMu25/1.00 L1_SingleMu6er1p5/0.00 L1_SingleMu7er1p5/1.00 L1_SingleMu8er1p5/1.00 L1_SingleMu10er1p5/1.00 L1_SingleMu12er1p5/1.00 L1_SingleMu14er1p5/1.00 L1_SingleMu18er1p5/1.00
316199,1,2,0.00,HLT_Mu10p5_IP3p5_part0_v1/0,OR,L1_SingleMu22/1.00 L1_SingleMu25/1.00 L1_SingleMu6er1p5/0.00 L1_SingleMu7er1p5/0.00 L1_SingleMu8er1p5/0.00 L1_SingleMu10er1p5/0.00 L1_SingleMu12er1p5/0.00 L1_SingleMu14er1p5/0.00 L1_SingleMu18er1p5/0.00
316199,429,3,0.00,HLT_Mu10p5_IP3p5_part0_v1/0,OR,L1_SingleMu22/1.00 L1_SingleMu25/1.00 L1_SingleMu6er1p5/0.00 L1_SingleMu7er1p5/0.00 L1_SingleMu8er1p5/0.00 L1_SingleMu10er1p5/0.00 L1_SingleMu12er1p5/0.00 L1_SingleMu14er1p5/0.00 L1_SingleMu18er1p5/0.00
316199,702,4,0.00,HLT_Mu10p5_IP3p5_part0_v1/0,OR,L1_SingleMu22/1.00 L1_SingleMu25/1.00 L1_SingleMu6er1p5/0.00 L1_SingleMu7er1p5/0.00 L1_SingleMu8er1p5/0.00 L1_SingleMu10er1p5/1.00 L1_SingleMu12er1p5/1.00 L1_SingleMu14er1p5/1.00 L1_SingleMu18er1p5/1.00
316199,989,5,0.00,HLT_Mu10p5_IP3p5_part0_v1/0,OR,L1_SingleMu22/1.00 L1_SingleMu25/1.00 L1_SingleMu6er1p5/0.00 L1_SingleMu7er1p5/0.00 L1_SingleMu8er1p5/0.00 L1_SingleMu10er1p5/1.00 L1_SingleMu12er1p5/1.00 L1_SingleMu14er1p5/1.00 L1_SingleMu18er1p5/1.00
316200,1,5,0.00,HLT_Mu10p5_IP3p5_part0_v1/0,OR,L1_SingleMu22/1.00 L1_SingleMu25/1.00 L1_SingleMu6er1p5/0.00 L1_SingleMu7er1p5/0.00 L1_SingleMu8er1p5/0.00 L1_SingleMu10er1p5/1.00 L1_SingleMu12er1p5/1.00 L1_SingleMu14er1p5/1.00 L1_SingleMu18er1p5/1.00
316201,1,5,0.00,HLT_Mu10p5_IP3p5_part0_v1/0,OR,L1_SingleMu22/1.00 L1_SingleMu25/1.00 L1_SingleMu6er1p5/0.00 L1_SingleMu7er1p5/0.00 L1_SingleMu8er1p5/0.00 L1_SingleMu10er1p5/1.00 L1_SingleMu12er1p5/1.00 L1_SingleMu14er1p5/1.00 L1_SingleMu18er1p5/1.00
316201,145,6,0.00,HLT_Mu10p5_IP3p5_part0_v1/0,OR,L1_SingleMu22/1.00 L1_SingleMu25/1.00 L1_SingleMu6er1p5/0.00 L1_SingleMu7er1p5/0.00 L1_SingleMu8er1p5/1.00 L1_SingleMu10er1p5/1.00 L1_SingleMu12er1p5/1.00 L1_SingleMu14er1p5/1.00 L1_SingleMu18er1p5/1.00
316202,1,6,0.00,HLT_Mu10p5_IP3p5_part0_v1/0,OR,L1_SingleMu22/1.00 L1_SingleMu25/1.00 L1_SingleMu6er1p5/0.00 L1_SingleMu7er1p5/0.00 L1_SingleMu8er1p5/1.00 L1_SingleMu10er1p5/1.00 L1_SingleMu12er1p5/1.00 L1_SingleMu14er1p5/1.00 L1_SingleMu18er1p5/1.00
316202,126,7,0.00,HLT_Mu10p5_IP3p5_part0_v1/0,OR,L1_SingleMu22/1.00 L1_SingleMu25/1.00 L1_SingleMu6er1p5/0.00 L1_SingleMu7er1p5/1.00 L1_SingleMu8er1p5/1.00 L1_SingleMu10er1p5/1.00 L1_SingleMu12er1p5/1.00 L1_SingleMu14er1p5/1.00 L1_SingleMu18er1p5/1.00
316202,1,6,0.00,HLT_Mu10p5_IP3p5_part0_v1/0,OR,L1_SingleMu22/1.00 L1_SingleMu25/1.00 L1_SingleMu6er1p5/0.00 L1_SingleMu7er1p5/0.00 L1_SingleMu8er1p5/1.00 L1_SingleMu10er1p5/1.00 L1_SingleMu12er1p5/1.00 L1_SingleMu14er1p5/1.00 L1_SingleMu18er1p5/1.00
316202,126,7,0.00,HLT_Mu10p5_IP3p5_part0_v1/0,OR,L1_SingleMu22/1.00 L1_SingleMu25/1.00 L1_SingleMu6er1p5/0.00 L1_SingleMu7er1p5/1.00 L1_SingleMu8er1p5/1.00 L1_SingleMu10er1p5/1.00 L1_SingleMu12er1p5/1.00 L1_SingleMu14er1p5/1.00 L1_SingleMu18er1p5/1.00
316217,1,3,0.00,HLT_Mu10p5_IP3p5_part0_v1/0,OR,L1_SingleMu22/1.00 L1_SingleMu25/1.00 L1_SingleMu6er1p5/0.00 L1_SingleMu7er1p5/0.00 L1_SingleMu8er1p5/0.00 L1_SingleMu10er1p5/0.00 L1_SingleMu12er1p5/0.00 L1_SingleMu14er1p5/0.00 L1_SingleMu18er1p5/0.00
316217,189,4,0.00,HLT_Mu10p5_IP3p5_part0_v1/0,OR,L1_SingleMu22/1.00 L1_SingleMu25/1.00 L1_SingleMu6er1p5/0.00 L1_SingleMu7er1p5/0.00 L1_SingleMu8er1p5/0.00 L1_SingleMu10er1p5/1.00 L1_SingleMu12er1p5/1.00 L1_SingleMu14er1p5/1.00 L1_SingleMu18er1p5/1.00
316218,1,4,0.00,HLT_Mu10p5_IP3p5_part0_v1/0,OR,L1_SingleMu22/1.00 L1_SingleMu25/1.00 L1_SingleMu6er1p5/0.00 L1_SingleMu7er1p5/0.00 L1_SingleMu8er1p5/0.00 L1_SingleMu10er1p5/1.00 L1_SingleMu12er1p5/1.00 L1_SingleMu14er1p5/1.00 L1_SingleMu18er1p5/1.00
316218,190,5,0.00,HLT_Mu10p5_IP3p5_part0_v1/0,OR,L1_SingleMu22/1.00 L1_SingleMu25/1.00 L1_SingleMu6er1p5/0.00 L1_SingleMu7er1p5/0.00 L1_SingleMu8er1p5/0.00 L1_SingleMu10er1p5/1.00 L1_SingleMu12er1p5/1.00 L1_SingleMu14er1p5/1.00 L1_SingleMu18er1p5/1.00
316218,547,6,0.00,HLT_Mu10p5_IP3p5_part0_v1/0,OR,L1_SingleMu22/1.00 L1_SingleMu25/1.00 L1_SingleMu6er1p5/0.00 L1_SingleMu7er1p5/0.00 L1_SingleMu8er1p5/1.00 L1_SingleMu10er1p5/1.00 L1_SingleMu12er1p5/1.00 L1_SingleMu14er1p5/1.00 L1_SingleMu18er1p5/1.00
316218,929,7,0.00,HLT_Mu10p5_IP3p5_part0_v1/0,OR,L1_SingleMu22/1.00 L1_SingleMu25/1.00 L1_SingleMu6er1p5/0.00 L1_SingleMu7er1p5/1.00 L1_SingleMu8er1p5/1.00 L1_SingleMu10er1p5/1.00 L1_SingleMu12er1p5/1.00 L1_SingleMu14er1p5/1.00 L1_SingleMu18er1p5/1.00
316218,935,6,0.00,HLT_Mu10p5_IP3p5_part0_v1/0,OR,L1_SingleMu22/1.00 L1_SingleMu25/1.00 L1_SingleMu6er1p5/0.00 L1_SingleMu7er1p5/0.00 L1_SingleMu8er1p5/1.00 L1_SingleMu10er1p5/1.00 L1_SingleMu12er1p5/1.00 L1_SingleMu14er1p5/1.00 L1_SingleMu18er1p5/1.00
316218,962,7,0.00,HLT_Mu10p5_IP3p5_part0_v1/0,OR,L1_SingleMu22/1.00 L1_SingleMu25/1.00 L1_SingleMu6er1p5/0.00 L1_SingleMu7er1p5/1.00 L1_SingleMu8er1p5/1.00 L1_SingleMu10er1p5/1.00 L1_SingleMu12er1p5/1.00 L1_SingleMu14er1p5/1.00 L1_SingleMu18er1p5/1.00
316218,1,4,0.00,HLT_Mu10p5_IP3p5_part0_v1/0,OR,L1_SingleMu22/1.00 L1_SingleMu25/1.00 L1_SingleMu6er1p5/0.00 L1_SingleMu7er1p5/0.00 L1_SingleMu8er1p5/0.00 L1_SingleMu10er1p5/1.00 L1_SingleMu12er1p5/1.00 L1_SingleMu14er1p5/1.00 L1_SingleMu18er1p5/1.00
316218,190,5,0.00,HLT_Mu10p5_IP3p5_part0_v1/0,OR,L1_SingleMu22/1.00 L1_SingleMu25/1.00 L1_SingleMu6er1p5/0.00 L1_SingleMu7er1p5/0.00 L1_SingleMu8er1p5/0.00 L1_SingleMu10er1p5/1.00 L1_SingleMu12er1p5/1.00 L1_SingleMu14er1p5/1.00 L1_SingleMu18er1p5/1.00
316218,547,6,0.00,HLT_Mu10p5_IP3p5_part0_v1/0,OR,L1_SingleMu22/1.00 L1_SingleMu25/1.00 L1_SingleMu6er1p5/0.00 L1_SingleMu7er1p5/0.00 L1_SingleMu8er1p5/1.00 L1_SingleMu10er1p5/1.00 L1_SingleMu12er1p5/1.00 L1_SingleMu14er1p5/1.00 L1_SingleMu18er1p5/1.00
316218,929,7,0.00,HLT_Mu10p5_IP3p5_part0_v1/0,OR,L1_SingleMu22/1.00 L1_SingleMu25/1.00 L1_SingleMu6er1p5/0.00 L1_SingleMu7er1p5/1.00 L1_SingleMu8er1p5/1.00 L1_SingleMu10er1p5/1.00 L1_SingleMu12er1p5/1.00 L1_SingleMu14er1p5/1.00 L1_SingleMu18er1p5/1.00
316218,935,6,0.00,HLT_Mu10p5_IP3p5_part0_v1/0,OR,L1_SingleMu22/1.00 L1_SingleMu25/1.00 L1_SingleMu6er1p5/0.00 L1_SingleMu7er1p5/0.00 L1_SingleMu8er1p5/1.00 L1_SingleMu10er1p5/1.00 L1_SingleMu12er1p5/1.00 L1_SingleMu14er1p5/1.00 L1_SingleMu18er1p5/1.00
316218,962,7,0.00,HLT_Mu10p5_IP3p5_part0_v1/0,OR,L1_SingleMu22/1.00 L1_SingleMu25/1.00 L1_SingleMu6er1p5/0.00 L1_SingleMu7er1p5/1.00 L1_SingleMu8er1p5/1.00 L1_SingleMu10er1p5/1.00 L1_SingleMu12er1p5/1.00 L1_SingleMu14er1p5/1.00 L1_SingleMu18er1p5/1.00
316219,1,7,0.00,HLT_Mu10p5_IP3p5_part0_v1/0,OR,L1_SingleMu22/1.00 L1_SingleMu25/1.00 L1_SingleMu6er1p5/0.00 L1_SingleMu7er1p5/1.00 L1_SingleMu8er1p5/1.00 L1_SingleMu10er1p5/1.00 L1_SingleMu12er1p5/1.00 L1_SingleMu14er1p5/1.00 L1_SingleMu18er1p5/1.00
316239,1,2,0.00,HLT_Mu10p5_IP3p5_part0_v1/0,OR,L1_SingleMu22/1.00 L1_SingleMu25/1.00 L1_SingleMu6er1p5/0.00 L1_SingleMu7er1p5/0.00 L1_SingleMu8er1p5/0.00 L1_SingleMu10er1p5/0.00 L1_SingleMu12er1p5/0.00 L1_SingleMu14er1p5/0.00 L1_SingleMu18er1p5/0.00
316239,199,3,0.00,HLT_Mu10p5_IP3p5_part0_v1/0,OR,L1_SingleMu22/1.00 L1_SingleMu25/1.00 L1_SingleMu6er1p5/0.00 L1_SingleMu7er1p5/0.00 L1_SingleMu8er1p5/0.00 L1_SingleMu10er1p5/0.00 L1_SingleMu12er1p5/0.00 L1_SingleMu14er1p5/0.00 L1_SingleMu18er1p5/0.00
316239,563,4,0.00,HLT_Mu10p5_IP3p5_part0_v1/0,OR,L1_SingleMu22/1.00 L1_SingleMu25/1.00 L1_SingleMu6er1p5/0.00 L1_SingleMu7er1p5/0.00 L1_SingleMu8er1p5/0.00 L1_SingleMu10er1p5/1.00 L1_SingleMu12er1p5/1.00 L1_SingleMu14er1p5/1.00 L1_SingleMu18er1p5/1.00
316240,1,4,0.00,HLT_Mu10p5_IP3p5_part0_v1/0,OR,L1_SingleMu22/1.00 L1_SingleMu25/1.00 L1_SingleMu6er1p5/0.00 L1_SingleMu7er1p5/0.00 L1_SingleMu8er1p5/0.00 L1_SingleMu10er1p5/1.00 L1_SingleMu12er1p5/1.00 L1_SingleMu14er1p5/1.00 L1_SingleMu18er1p5/1.00
316240,19,5,0.00,HLT_Mu10p5_IP3p5_part0_v1/0,OR,L1_SingleMu22/1.00 L1_SingleMu25/1.00 L1_SingleMu6er1p5/0.00 L1_SingleMu7er1p5/0.00 L1_SingleMu8er1p5/0.00 L1_SingleMu10er1p5/1.00 L1_SingleMu12er1p5/1.00 L1_SingleMu14er1p5/1.00 L1_SingleMu18er1p5/1.00
316240,38,4,0.00,HLT_Mu10p5_IP3p5_part0_v1/0,OR,L1_SingleMu22/1.00 L1_SingleMu25/1.00 L1_SingleMu6er1p5/0.00 L1_SingleMu7er1p5/0.00 L1_SingleMu8er1p5/0.00 L1_SingleMu10er1p5/1.00 L1_SingleMu12er1p5/1.00 L1_SingleMu14er1p5/1.00 L1_SingleMu18er1p5/1.00
316240,155,5,0.00,HLT_Mu10p5_IP3p5_part0_v1/0,OR,L1_SingleMu22/1.00 L1_SingleMu25/1.00 L1_SingleMu6er1p5/0.00 L1_SingleMu7er1p5/0.00 L1_SingleMu8er1p5/0.00 L1_SingleMu10er1p5/1.00 L1_SingleMu12er1p5/1.00 L1_SingleMu14er1p5/1.00 L1_SingleMu18er1p5/1.00
316240,473,6,0.00,HLT_Mu10p5_IP3p5_part0_v1/0,OR,L1_SingleMu22/1.00 L1_SingleMu25/1.00 L1_SingleMu6er1p5/0.00 L1_SingleMu7er1p5/0.00 L1_SingleMu8er1p5/1.00 L1_SingleMu10er1p5/1.00 L1_SingleMu12er1p5/1.00 L1_SingleMu14er1p5/1.00 L1_SingleMu18er1p5/1.00
316240,1155,7,0.00,HLT_Mu10p5_IP3p5_part0_v1/0,OR,L1_SingleMu22/1.00 L1_SingleMu25/1.00 L1_SingleMu6er1p5/0.00 L1_SingleMu7er1p5/1.00 L1_SingleMu8er1p5/1.00 L1_SingleMu10er1p5/1.00 L1_SingleMu12er1p5/1.00 L1_SingleMu14er1p5/1.00 L1_SingleMu18er1p5/1.00
316240,1,4,0.00,HLT_Mu10p5_IP3p5_part0_v1/0,OR,L1_SingleMu22/1.00 L1_SingleMu25/1.00 L1_SingleMu6er1p5/0.00 L1_SingleMu7er1p5/0.00 L1_SingleMu8er1p5/0.00 L1_SingleMu10er1p5/1.00 L1_SingleMu12er1p5/1.00 L1_SingleMu14er1p5/1.00 L1_SingleMu18er1p5/1.00
316240,19,5,0.00,HLT_Mu10p5_IP3p5_part0_v1/0,OR,L1_SingleMu22/1.00 L1_SingleMu25/1.00 L1_SingleMu6er1p5/0.00 L1_SingleMu7er1p5/0.00 L1_SingleMu8er1p5/0.00 L1_SingleMu10er1p5/1.00 L1_SingleMu12er1p5/1.00 L1_SingleMu14er1p5/1.00 L1_SingleMu18er1p5/1.00
316240,38,4,0.00,HLT_Mu10p5_IP3p5_part0_v1/0,OR,L1_SingleMu22/1.00 L1_SingleMu25/1.00 L1_SingleMu6er1p5/0.00 L1_SingleMu7er1p5/0.00 L1_SingleMu8er1p5/0.00 L1_SingleMu10er1p5/1.00 L1_SingleMu12er1p5/1.00 L1_SingleMu14er1p5/1.00 L1_SingleMu18er1p5/1.00
316240,155,5,0.00,HLT_Mu10p5_IP3p5_part0_v1/0,OR,L1_SingleMu22/1.00 L1_SingleMu25/1.00 L1_SingleMu6er1p5/0.00 L1_SingleMu7er1p5/0.00 L1_SingleMu8er1p5/0.00 L1_SingleMu10er1p5/1.00 L1_SingleMu12er1p5/1.00 L1_SingleMu14er1p5/1.00 L1_SingleMu18er1p5/1.00
316240,473,6,0.00,HLT_Mu10p5_IP3p5_part0_v1/0,OR,L1_SingleMu22/1.00 L1_SingleMu25/1.00 L1_SingleMu6er1p5/0.00 L1_SingleMu7er1p5/0.00 L1_SingleMu8er1p5/1.00 L1_SingleMu10er1p5/1.00 L1_SingleMu12er1p5/1.00 L1_SingleMu14er1p5/1.00 L1_SingleMu18er1p5/1.00
316240,1155,7,0.00,HLT_Mu10p5_IP3p5_part0_v1/0,OR,L1_SingleMu22/1.00 L1_SingleMu25/1.00 L1_SingleMu6er1p5/0.00 L1_SingleMu7er1p5/1.00 L1_SingleMu8er1p5/1.00 L1_SingleMu10er1p5/1.00 L1_SingleMu12er1p5/1.00 L1_SingleMu14er1p5/1.00 L1_SingleMu18er1p5/1.00
316241,1,7,0.00,HLT_Mu10p5_IP3p5_part0_v1/0,OR,L1_SingleMu22/1.00 L1_SingleMu25/1.00 L1_SingleMu6er1p5/0.00 L1_SingleMu7er1p5/1.00 L1_SingleMu8er1p5/1.00 L1_SingleMu10er1p5/1.00 L1_SingleMu12er1p5/1.00 L1_SingleMu14er1p5/1.00 L1_SingleMu18er1p5/1.00
316362,1,3,0.00,HLT_Mu10p5_IP3p5_part0_v2/0,OR,L1_SingleMu22/1.00 L1_SingleMu25/1.00 L1_SingleMu6er1p5/0.00 L1_SingleMu7er1p5/0.00 L1_SingleMu8er1p5/0.00 L1_SingleMu9er1p5/0.00 L1_SingleMu10er1p5/0.00 L1_SingleMu12er1p5/0.00 L1_SingleMu14er1p5/0.00 L1_SingleMu18er1p5/0.00
316362,7,4,0.00,HLT_Mu10p5_IP3p5_part0_v2/0,OR,L1_SingleMu22/1.00 L1_SingleMu25/1.00 L1_SingleMu6er1p5/0.00 L1_SingleMu7er1p5/0.00 L1_SingleMu8er1p5/0.00 L1_SingleMu9er1p5/0.00 L1_SingleMu10er1p5/1.00 L1_SingleMu12er1p5/1.00 L1_SingleMu14er1p5/1.00 L1_SingleMu18er1p5/1.00
316362,238,5,0.00,HLT_Mu10p5_IP3p5_part0_v2/0,OR,L1_SingleMu22/1.00 L1_SingleMu25/1.00 L1_SingleMu6er1p5/0.00 L1_SingleMu7er1p5/0.00 L1_SingleMu8er1p5/0.00 L1_SingleMu9er1p5/1.00 L1_SingleMu10er1p5/1.00 L1_SingleMu12er1p5/1.00 L1_SingleMu14er1p5/1.00 L1_SingleMu18er1p5/1.00
316363,1,5,0.00,HLT_Mu10p5_IP3p5_part0_v2/0,OR,L1_SingleMu22/1.00 L1_SingleMu25/1.00 L1_SingleMu6er1p5/0.00 L1_SingleMu7er1p5/0.00 L1_SingleMu8er1p5/0.00 L1_SingleMu9er1p5/1.00 L1_SingleMu10er1p5/1.00 L1_SingleMu12er1p5/1.00 L1_SingleMu14er1p5/1.00 L1_SingleMu18er1p5/1.00
316363,49,2,0.00,HLT_Mu10p5_IP3p5_part0_v2/0,OR,L1_SingleMu22/1.00 L1_SingleMu25/1.00 L1_SingleMu6er1p5/0.00 L1_SingleMu7er1p5/0.00 L1_SingleMu8er1p5/0.00 L1_SingleMu9er1p5/0.00 L1_SingleMu10er1p5/0.00 L1_SingleMu12er1p5/0.00 L1_SingleMu14er1p5/0.00 L1_SingleMu18er1p5/0.00
316380,1,2,0.00,HLT_Mu10p5_IP3p5_part0_v2/0,OR,L1_SingleMu22/1.00 L1_SingleMu25/1.00 L1_SingleMu6er1p5/0.00 L1_SingleMu7er1p5/0.00 L1_SingleMu8er1p5/0.00 L1_SingleMu9er1p5/0.00 L1_SingleMu10er1p5/0.00 L1_SingleMu12er1p5/0.00 L1_SingleMu14er1p5/0.00 L1_SingleMu18er1p5/0.00
316380,57,3,0.00,HLT_Mu10p5_IP3p5_part0_v2/0,OR,L1_SingleMu22/1.00 L1_SingleMu25/1.00 L1_SingleMu6er1p5/0.00 L1_SingleMu7er1p5/0.00 L1_SingleMu8er1p5/0.00 L1_SingleMu9er1p5/0.00 L1_SingleMu10er1p5/0.00 L1_SingleMu12er1p5/0.00 L1_SingleMu14er1p5/0.00 L1_SingleMu18er1p5/0.00
316380,319,4,0.00,HLT_Mu10p5_IP3p5_part0_v2/0,OR,L1_SingleMu22/1.00 L1_SingleMu25/1.00 L1_SingleMu6er1p5/0.00 L1_SingleMu7er1p5/0.00 L1_SingleMu8er1p5/0.00 L1_SingleMu9er1p5/0.00 L1_SingleMu10er1p5/1.00 L1_SingleMu12er1p5/1.00 L1_SingleMu14er1p5/1.00 L1_SingleMu18er1p5/1.00
316380,391,5,0.00,HLT_Mu10p5_IP3p5_part0_v2/0,OR,L1_SingleMu22/1.00 L1_SingleMu25/1.00 L1_SingleMu6er1p5/0.00 L1_SingleMu7er1p5/0.00 L1_SingleMu8er1p5/0.00 L1_SingleMu9er1p5/1.00 L1_SingleMu10er1p5/1.00 L1_SingleMu12er1p5/1.00 L1_SingleMu14er1p5/1.00 L1_SingleMu18er1p5/1.00
316380,607,6,0.00,HLT_Mu10p5_IP3p5_part0_v2/0,OR,L1_SingleMu22/1.00 L1_SingleMu25/1.00 L1_SingleMu6er1p5/0.00 L1_SingleMu7er1p5/0.00 L1_SingleMu8er1p5/1.00 L1_SingleMu9er1p5/1.00 L1_SingleMu10er1p5/1.00 L1_SingleMu12er1p5/1.00 L1_SingleMu14er1p5/1.00 L1_SingleMu18er1p5/1.00
316380,1002,7,0.00,HLT_Mu10p5_IP3p5_part0_v2/0,OR,L1_SingleMu22/1.00 L1_SingleMu25/1.00 L1_SingleMu6er1p5/0.00 L1_SingleMu7er1p5/1.00 L1_SingleMu8er1p5/1.00 L1_SingleMu9er1p5/1.00 L1_SingleMu10er1p5/1.00 L1_SingleMu12er1p5/1.00 L1_SingleMu14er1p5/1.00 L1_SingleMu18er1p5/1.00
316457,1,2,0.00,HLT_Mu10p5_IP3p5_part0_v2/0,OR,L1_SingleMu22/1.00 L1_SingleMu25/1.00 L1_SingleMu6er1p5/0.00 L1_SingleMu7er1p5/0.00 L1_SingleMu8er1p5/0.00 L1_SingleMu9er1p5/0.00 L1_SingleMu10er1p5/0.00 L1_SingleMu12er1p5/0.00 L1_SingleMu14er1p5/0.00 L1_SingleMu18er1p5/0.00
316457,12,7,0.00,HLT_Mu10p5_IP3p5_part0_v2/0,OR,L1_SingleMu22/1.00 L1_SingleMu25/1.00 L1_SingleMu6er1p5/0.00 L1_SingleMu7er1p5/0.00 L1_SingleMu8er1p5/1.00 L1_SingleMu9er1p5/1.00 L1_SingleMu10er1p5/1.00 L1_SingleMu12er1p5/1.00 L1_SingleMu14er1p5/1.00 L1_SingleMu18er1p5/1.00
316457,19,3,0.00,HLT_Mu10p5_IP3p5_part0_v2/0,OR,L1_SingleMu22/1.00 L1_SingleMu25/1.00 L1_SingleMu6er1p5/0.00 L1_SingleMu7er1p5/0.00 L1_SingleMu8er1p5/0.00 L1_SingleMu9er1p5/0.00 L1_SingleMu10er1p5/0.00 L1_SingleMu12er1p5/0.00 L1_SingleMu14er1p5/0.00 L1_SingleMu18er1p5/0.00
316457,130,5,0.00,HLT_Mu10p5_IP3p5_part0_v2/0,OR,L1_SingleMu22/1.00 L1_SingleMu25/1.00 L1_SingleMu6er1p5/0.00 L1_SingleMu7er1p5/0.00 L1_SingleMu8er1p5/0.00 L1_SingleMu9er1p5/0.00 L1_SingleMu10er1p5/1.00 L1_SingleMu12er1p5/1.00 L1_SingleMu14er1p5/1.00 L1_SingleMu18er1p5/1.00
316457,143,2,0.00,HLT_Mu10p5_IP3p5_part0_v2/0,OR,L1_SingleMu22/1.00 L1_SingleMu25/1.00 L1_SingleMu6er1p5/0.00 L1_SingleMu7er1p5/0.00 L1_SingleMu8er1p5/0.00 L1_SingleMu9er1p5/0.00 L1_SingleMu10er1p5/0.00 L1_SingleMu12er1p5/0.00 L1_SingleMu14er1p5/0.00 L1_SingleMu18er1p5/0.00
316457,154,5,0.00,HLT_Mu10p5_IP3p5_part0_v2/0,OR,L1_SingleMu22/1.00 L1_SingleMu25/1.00 L1_SingleMu6er1p5/0.00 L1_SingleMu7er1p5/0.00 L1_SingleMu8er1p5/0.00 L1_SingleMu9er1p5/0.00 L1_SingleMu10er1p5/1.00 L1_SingleMu12er1p5/1.00 L1_SingleMu14er1p5/1.00 L1_SingleMu18er1p5/1.00
316457,161,4,0.00,HLT_Mu10p5_IP3p5_part0_v2/0,OR,L1_SingleMu22/1.00 L1_SingleMu25/1.00 L1_SingleMu6er1p5/0.00 L1_SingleMu7er1p5/0.00 L1_SingleMu8er1p5/0.00 L1_SingleMu9er1p5/0.00 L1_SingleMu10er1p5/0.00 L1_SingleMu12er1p5/0.00 L1_SingleMu14er1p5/0.00 L1_SingleMu18er1p5/0.00
316457,416,5,0.00,HLT_Mu10p5_IP3p5_part0_v2/0,OR,L1_SingleMu22/1.00 L1_SingleMu25/1.00 L1_SingleMu6er1p5/0.00 L1_SingleMu7er1p5/0.00 L1_SingleMu8er1p5/0.00 L1_SingleMu9er1p5/0.00 L1_SingleMu10er1p5/1.00 L1_SingleMu12er1p5/1.00 L1_SingleMu14er1p5/1.00 L1_SingleMu18er1p5/1.00
316457,771,6,0.00,HLT_Mu10p5_IP3p5_part0_v2/0,OR,L1_SingleMu22/1.00 L1_SingleMu25/1.00 L1_SingleMu6er1p5/0.00 L1_SingleMu7er1p5/0.00 L1_SingleMu8er1p5/0.00 L1_SingleMu9er1p5/1.00 L1_SingleMu10er1p5/1.00 L1_SingleMu12er1p5/1.00 L1_SingleMu14er1p5/1.00 L1_SingleMu18er1p5/1.00
316457,1355,7,0.00,HLT_Mu10p5_IP3p5_part0_v2/0,OR,L1_SingleMu22/1.00 L1_SingleMu25/1.00 L1_SingleMu6er1p5/0.00 L1_SingleMu7er1p5/0.00 L1_SingleMu8er1p5/1.00 L1_SingleMu9er1p5/1.00 L1_SingleMu10er1p5/1.00 L1_SingleMu12er1p5/1.00 L1_SingleMu14er1p5/1.00 L1_SingleMu18er1p5/1.00
316470,1,5,0.00,HLT_Mu10p5_IP3p5_part0_v2/0,OR,L1_SingleMu22/1.00 L1_SingleMu25/1.00 L1_SingleMu6er1p5/0.00 L1_SingleMu7er1p5/0.00 L1_SingleMu8er1p5/0.00 L1_SingleMu9er1p5/0.00 L1_SingleMu10er1p5/1.00 L1_SingleMu12er1p5/1.00 L1_SingleMu14er1p5/1.00 L1_SingleMu18er1p5/1.00
316470,255,6,0.00,HLT_Mu10p5_IP3p5_part0_v2/0,OR,L1_SingleMu22/1.00 L1_SingleMu25/1.00 L1_SingleMu6er1p5/0.00 L1_SingleMu7er1p5/0.00 L1_SingleMu8er1p5/0.00 L1_SingleMu9er1p5/1.00 L1_SingleMu10er1p5/1.00 L1_SingleMu12er1p5/1.00 L1_SingleMu14er1p5/1.00 L1_SingleMu18er1p5/1.00
316472,1,6,0.00,HLT_Mu10p5_IP3p5_part0_v2/0,OR,L1_SingleMu22/1.00 L1_SingleMu25/1.00 L1_SingleMu6er1p5/0.00 L1_SingleMu7er1p5/0.00 L1_SingleMu8er1p5/0.00 L1_SingleMu9er1p5/1.00 L1_SingleMu10er1p5/1.00 L1_SingleMu12er1p5/1.00 L1_SingleMu14er1p5/1.00 L1_SingleMu18er1p5/1.00
316472,89,7,0.00,HLT_Mu10p5_IP3p5_part0_v2/0,OR,L1_SingleMu22/1.00 L1_SingleMu25/1.00 L1_SingleMu6er1p5/0.00 L1_SingleMu7er1p5/0.00 L1_SingleMu8er1p5/1.00 L1_SingleMu9er1p5/1.00 L1_SingleMu10er1p5/1.00 L1_SingleMu12er1p5/1.00 L1_SingleMu14er1p5/1.00 L1_SingleMu18er1p5/1.00
316505,1,2,0.00,HLT_Mu10p5_IP3p5_part0_v2/0,OR,L1_SingleMu22/1.00 L1_SingleMu25/1.00 L1_SingleMu6er1p5/0.00 L1_SingleMu7er1p5/0.00 L1_SingleMu8er1p5/0.00 L1_SingleMu9er1p5/0.00 L1_SingleMu10er1p5/0.00 L1_SingleMu12er1p5/0.00 L1_SingleMu14er1p5/0.00 L1_SingleMu18er1p5/0.00
316505,284,4,0.00,HLT_Mu10p5_IP3p5_part0_v2/0,OR,L1_SingleMu22/1.00 L1_SingleMu25/1.00 L1_SingleMu6er1p5/0.00 L1_SingleMu7er1p5/0.00 L1_SingleMu8er1p5/0.00 L1_SingleMu9er1p5/0.00 L1_SingleMu10er1p5/0.00 L1_SingleMu12er1p5/0.00 L1_SingleMu14er1p5/0.00 L1_SingleMu18er1p5/0.00
316505,567,5,0.00,HLT_Mu10p5_IP3p5_part0_v2/0,OR,L1_SingleMu22/1.00 L1_SingleMu25/1.00 L1_SingleMu6er1p5/0.00 L1_SingleMu7er1p5/0.00 L1_SingleMu8er1p5/0.00 L1_SingleMu9er1p5/0.00 L1_SingleMu10er1p5/1.00 L1_SingleMu12er1p5/1.00 L1_SingleMu14er1p5/1.00 L1_SingleMu18er1p5/1.00
316505,846,6,0.00,HLT_Mu10p5_IP3p5_part0_v2/0,OR,L1_SingleMu22/1.00 L1_SingleMu25/1.00 L1_SingleMu6er1p5/0.00 L1_SingleMu7er1p5/0.00 L1_SingleMu8er1p5/0.00 L1_SingleMu9er1p5/1.00 L1_SingleMu10er1p5/1.00 L1_SingleMu12er1p5/1.00 L1_SingleMu14er1p5/1.00 L1_SingleMu18er1p5/1.00
316505,1247,7,0.00,HLT_Mu10p5_IP3p5_part0_v2/0,OR,L1_SingleMu22/1.00 L1_SingleMu25/1.00 L1_SingleMu6er1p5/0.00 L1_SingleMu7er1p5/0.00 L1_SingleMu8er1p5/1.00 L1_SingleMu9er1p5/1.00 L1_SingleMu10er1p5/1.00 L1_SingleMu12er1p5/1.00 L1_SingleMu14er1p5/1.00 L1_SingleMu18er1p5/1.00
316569,1,2,0.00,HLT_Mu10p5_IP3p5_part0_v2/0,OR,L1_SingleMu22/1.00 L1_SingleMu25/1.00 L1_SingleMu6er1p5/0.00 L1_SingleMu7er1p5/0.00 L1_SingleMu8er1p5/0.00 L1_SingleMu9er1p5/0.00 L1_SingleMu10er1p5/0.00 L1_SingleMu12er1p5/0.00 L1_SingleMu14er1p5/0.00 L1_SingleMu18er1p5/0.00
316569,196,4,0.00,HLT_Mu10p5_IP3p5_part0_v2/0,OR,L1_SingleMu22/1.00 L1_SingleMu25/1.00 L1_SingleMu6er1p5/0.00 L1_SingleMu7er1p5/0.00 L1_SingleMu8er1p5/0.00 L1_SingleMu9er1p5/0.00 L1_SingleMu10er1p5/0.00 L1_SingleMu12er1p5/0.00 L1_SingleMu14er1p5/0.00 L1_SingleMu18er1p5/0.00
316569,370,5,0.00,HLT_Mu10p5_IP3p5_part0_v2/0,OR,L1_SingleMu22/1.00 L1_SingleMu25/1.00 L1_SingleMu6er1p5/0.00 L1_SingleMu7er1p5/0.00 L1_SingleMu8er1p5/0.00 L1_SingleMu9er1p5/0.00 L1_SingleMu10er1p5/1.00 L1_SingleMu12er1p5/1.00 L1_SingleMu14er1p5/1.00 L1_SingleMu18er1p5/1.00
316569,636,6,0.00,HLT_Mu10p5_IP3p5_part0_v2/0,OR,L1_SingleMu22/1.00 L1_SingleMu25/1.00 L1_SingleMu6er1p5/0.00 L1_SingleMu7er1p5/0.00 L1_SingleMu8er1p5/0.00 L1_SingleMu9er1p5/1.00 L1_SingleMu10er1p5/1.00 L1_SingleMu12er1p5/1.00 L1_SingleMu14er1p5/1.00 L1_SingleMu18er1p5/1.00
316569,709,5,0.00,HLT_Mu10p5_IP3p5_part0_v2/0,OR,L1_SingleMu22/1.00 L1_SingleMu25/1.00 L1_SingleMu6er1p5/0.00 L1_SingleMu7er1p5/0.00 L1_SingleMu8er1p5/0.00 L1_SingleMu9er1p5/0.00 L1_SingleMu10er1p5/1.00 L1_SingleMu12er1p5/1.00 L1_SingleMu14er1p5/1.00 L1_SingleMu18er1p5/1.00
316569,790,6,0.00,HLT_Mu10p5_IP3p5_part0_v2/0,OR,L1_SingleMu22/1.00 L1_SingleMu25/1.00 L1_SingleMu6er1p5/0.00 L1_SingleMu7er1p5/0.00 L1_SingleMu8er1p5/0.00 L1_SingleMu9er1p5/1.00 L1_SingleMu10er1p5/1.00 L1_SingleMu12er1p5/1.00 L1_SingleMu14er1p5/1.00 L1_SingleMu18er1p5/1.00
316569,1155,7,0.00,HLT_Mu10p5_IP3p5_part0_v2/0,OR,L1_SingleMu22/1.00 L1_SingleMu25/1.00 L1_SingleMu6er1p5/0.00 L1_SingleMu7er1p5/0.00 L1_SingleMu8er1p5/1.00 L1_SingleMu9er1p5/1.00 L1_SingleMu10er1p5/1.00 L1_SingleMu12er1p5/1.00 L1_SingleMu14er1p5/1.00 L1_SingleMu18er1p5/1.00
316569,1651,8,0.00,HLT_Mu10p5_IP3p5_part0_v2/0,OR,L1_SingleMu22/1.00 L1_SingleMu25/1.00 L1_SingleMu6er1p5/0.00 L1_SingleMu7er1p5/1.00 L1_SingleMu8er1p5/1.00 L1_SingleMu9er1p5/1.00 L1_SingleMu10er1p5/1.00 L1_SingleMu12er1p5/1.00 L1_SingleMu14er1p5/1.00 L1_SingleMu18er1p5/1.00
316569,1,2,0.00,HLT_Mu10p5_IP3p5_part0_v2/0,OR,L1_SingleMu22/1.00 L1_SingleMu25/1.00 L1_SingleMu6er1p5/0.00 L1_SingleMu7er1p5/0.00 L1_SingleMu8er1p5/0.00 L1_SingleMu9er1p5/0.00 L1_SingleMu10er1p5/0.00 L1_SingleMu12er1p5/0.00 L1_SingleMu14er1p5/0.00 L1_SingleMu18er1p5/0.00
316569,196,4,0.00,HLT_Mu10p5_IP3p5_part0_v2/0,OR,L1_SingleMu22/1.00 L1_SingleMu25/1.00 L1_SingleMu6er1p5/0.00 L1_SingleMu7er1p5/0.00 L1_SingleMu8er1p5/0.00 L1_SingleMu9er1p5/0.00 L1_SingleMu10er1p5/0.00 L1_SingleMu12er1p5/0.00 L1_SingleMu14er1p5/0.00 L1_SingleMu18er1p5/0.00
316569,370,5,0.00,HLT_Mu10p5_IP3p5_part0_v2/0,OR,L1_SingleMu22/1.00 L1_SingleMu25/1.00 L1_SingleMu6er1p5/0.00 L1_SingleMu7er1p5/0.00 L1_SingleMu8er1p5/0.00 L1_SingleMu9er1p5/0.00 L1_SingleMu10er1p5/1.00 L1_SingleMu12er1p5/1.00 L1_SingleMu14er1p5/1.00 L1_SingleMu18er1p5/1.00
316569,636,6,0.00,HLT_Mu10p5_IP3p5_part0_v2/0,OR,L1_SingleMu22/1.00 L1_SingleMu25/1.00 L1_SingleMu6er1p5/0.00 L1_SingleMu7er1p5/0.00 L1_SingleMu8er1p5/0.00 L1_SingleMu9er1p5/1.00 L1_SingleMu10er1p5/1.00 L1_SingleMu12er1p5/1.00 L1_SingleMu14er1p5/1.00 L1_SingleMu18er1p5/1.00
316569,709,5,0.00,HLT_Mu10p5_IP3p5_part0_v2/0,OR,L1_SingleMu22/1.00 L1_SingleMu25/1.00 L1_SingleMu6er1p5/0.00 L1_SingleMu7er1p5/0.00 L1_SingleMu8er1p5/0.00 L1_SingleMu9er1p5/0.00 L1_SingleMu10er1p5/1.00 L1_SingleMu12er1p5/1.00 L1_SingleMu14er1p5/1.00 L1_SingleMu18er1p5/1.00
316569,790,6,0.00,HLT_Mu10p5_IP3p5_part0_v2/0,OR,L1_SingleMu22/1.00 L1_SingleMu25/1.00 L1_SingleMu6er1p5/0.00 L1_SingleMu7er1p5/0.00 L1_SingleMu8er1p5/0.00 L1_SingleMu9er1p5/1.00 L1_SingleMu10er1p5/1.00 L1_SingleMu12er1p5/1.00 L1_SingleMu14er1p5/1.00 L1_SingleMu18er1p5/1.00
316569,1155,7,0.00,HLT_Mu10p5_IP3p5_part0_v2/0,OR,L1_SingleMu22/1.00 L1_SingleMu25/1.00 L1_SingleMu6er1p5/0.00 L1_SingleMu7er1p5/0.00 L1_SingleMu8er1p5/1.00 L1_SingleMu9er1p5/1.00 L1_SingleMu10er1p5/1.00 L1_SingleMu12er1p5/1.00 L1_SingleMu14er1p5/1.00 L1_SingleMu18er1p5/1.00
316569,1651,8,0.00,HLT_Mu10p5_IP3p5_part0_v2/0,OR,L1_SingleMu22/1.00 L1_SingleMu25/1.00 L1_SingleMu6er1p5/0.00 L1_SingleMu7er1p5/1.00 L1_SingleMu8er1p5/1.00 L1_SingleMu9er1p5/1.00 L1_SingleMu10er1p5/1.00 L1_SingleMu12er1p5/1.00 L1_SingleMu14er1p5/1.00 L1_SingleMu18er1p5/1.00
316590,1,2,0.00,HLT_Mu10p5_IP3p5_part0_v2/0,OR,L1_SingleMu22/1.00 L1_SingleMu25/1.00 L1_SingleMu6er1p5/0.00 L1_SingleMu7er1p5/0.00 L1_SingleMu8er1p5/0.00 L1_SingleMu9er1p5/0.00 L1_SingleMu10er1p5/0.00 L1_SingleMu12er1p5/0.00 L1_SingleMu14er1p5/0.00 L1_SingleMu18er1p5/0.00
316590,262,4,0.00,HLT_Mu10p5_IP3p5_part0_v2/0,OR,L1_SingleMu22/1.00 L1_SingleMu25/1.00 L1_SingleMu6er1p5/0.00 L1_SingleMu7er1p5/0.00 L1_SingleMu8er1p5/0.00 L1_SingleMu9er1p5/0.00 L1_SingleMu10er1p5/0.00 L1_SingleMu12er1p5/0.00 L1_SingleMu14er1p5/0.00 L1_SingleMu18er1p5/0.00
316590,474,5,0.00,HLT_Mu10p5_IP3p5_part0_v2/0,OR,L1_SingleMu22/1.00 L1_SingleMu25/1.00 L1_SingleMu6er1p5/0.00 L1_SingleMu7er1p5/0.00 L1_SingleMu8er1p5/0.00 L1_SingleMu9er1p5/0.00 L1_SingleMu10er1p5/1.00 L1_SingleMu12er1p5/1.00 L1_SingleMu14er1p5/1.00 L1_SingleMu18er1p5/1.00
316666,1,2,0.00,HLT_Mu10p5_IP3p5_part0_v2/0,OR,L1_SingleMu22/1.00 L1_SingleMu25/1.00 L1_SingleMu6er1p5/0.00 L1_SingleMu7er1p5/0.00 L1_SingleMu8er1p5/0.00 L1_SingleMu9er1p5/0.00 L1_SingleMu10er1p5/0.00 L1_SingleMu12er1p5/0.00 L1_SingleMu14er1p5/0.00 L1_SingleMu18er1p5/0.00
316666,3,4,0.00,HLT_Mu10p5_IP3p5_part0_v2/0,OR,L1_SingleMu22/1.00 L1_SingleMu25/1.00 L1_SingleMu6er1p5/0.00 L1_SingleMu7er1p5/0.00 L1_SingleMu8er1p5/0.00 L1_SingleMu9er1p5/0.00 L1_SingleMu10er1p5/0.00 L1_SingleMu12er1p5/0.00 L1_SingleMu14er1p5/0.00 L1_SingleMu18er1p5/0.00
316666,182,5,0.00,HLT_Mu10p5_IP3p5_part0_v2/0,OR,L1_SingleMu22/1.00 L1_SingleMu25/1.00 L1_SingleMu6er1p5/0.00 L1_SingleMu7er1p5/0.00 L1_SingleMu8er1p5/0.00 L1_SingleMu9er1p5/0.00 L1_SingleMu10er1p5/1.00 L1_SingleMu12er1p5/1.00 L1_SingleMu14er1p5/1.00 L1_SingleMu18er1p5/1.00
316666,559,6,0.00,HLT_Mu10p5_IP3p5_part0_v2/0,OR,L1_SingleMu22/1.00 L1_SingleMu25/1.00 L1_SingleMu6er1p5/0.00 L1_SingleMu7er1p5/0.00 L1_SingleMu8er1p5/0.00 L1_SingleMu9er1p5/1.00 L1_SingleMu10er1p5/1.00 L1_SingleMu12er1p5/1.00 L1_SingleMu14er1p5/1.00 L1_SingleMu18er1p5/1.00
316666,906,7,0.00,HLT_Mu10p5_IP3p5_part0_v2/0,OR,L1_SingleMu22/1.00 L1_SingleMu25/1.00 L1_SingleMu6er1p5/0.00 L1_SingleMu7er1p5/0.00 L1_SingleMu8er1p5/1.00 L1_SingleMu9er1p5/1.00 L1_SingleMu10er1p5/1.00 L1_SingleMu12er1p5/1.00 L1_SingleMu14er1p5/1.00 L1_SingleMu18er1p5/1.00
316667,1,7,0.00,HLT_Mu10p5_IP3p5_part0_v2/0,OR,L1_SingleMu22/1.00 L1_SingleMu25/1.00 L1_SingleMu6er1p5/0.00 L1_SingleMu7er1p5/0.00 L1_SingleMu8er1p5/1.00 L1_SingleMu9er1p5/1.00 L1_SingleMu10er1p5/1.00 L1_SingleMu12er1p5/1.00 L1_SingleMu14er1p5/1.00 L1_SingleMu18er1p5/1.00
316701,1,4,0.00,HLT_Mu10p5_IP3p5_part0_v2/0,OR,L1_SingleMu22/1.00 L1_SingleMu25/1.00 L1_SingleMu6er1p5/0.00 L1_SingleMu7er1p5/0.00 L1_SingleMu8er1p5/0.00 L1_SingleMu9er1p5/0.00 L1_SingleMu10er1p5/0.00 L1_SingleMu12er1p5/0.00 L1_SingleMu14er1p5/0.00 L1_SingleMu18er1p5/0.00
316701,103,5,0.00,HLT_Mu10p5_IP3p5_part0_v2/0,OR,L1_SingleMu22/1.00 L1_SingleMu25/1.00 L1_SingleMu6er1p5/0.00 L1_SingleMu7er1p5/0.00 L1_SingleMu8er1p5/0.00 L1_SingleMu9er1p5/0.00 L1_SingleMu10er1p5/1.00 L1_SingleMu12er1p5/1.00 L1_SingleMu14er1p5/1.00 L1_SingleMu18er1p5/1.00
316701,389,6,0.00,HLT_Mu10p5_IP3p5_part0_v2/0,OR,L1_SingleMu22/1.00 L1_SingleMu25/1.00 L1_SingleMu6er1p5/0.00 L1_SingleMu7er1p5/0.00 L1_SingleMu8er1p5/0.00 L1_SingleMu9er1p5/1.00 L1_SingleMu10er1p5/1.00 L1_SingleMu12er1p5/1.00 L1_SingleMu14er1p5/1.00 L1_SingleMu18er1p5/1.00
316702,1,6,0.00,HLT_Mu10p5_IP3p5_part0_v2/0,OR,L1_SingleMu22/1.00 L1_SingleMu25/1.00 L1_SingleMu6er1p5/0.00 L1_SingleMu7er1p5/0.00 L1_SingleMu8er1p5/0.00 L1_SingleMu9er1p5/1.00 L1_SingleMu10er1p5/1.00 L1_SingleMu12er1p5/1.00 L1_SingleMu14er1p5/1.00 L1_SingleMu18er1p5/1.00
316702,236,7,0.00,HLT_Mu10p5_IP3p5_part0_v2/0,OR,L1_SingleMu22/1.00 L1_SingleMu25/1.00 L1_SingleMu6er1p5/0.00 L1_SingleMu7er1p5/0.00 L1_SingleMu8er1p5/1.00 L1_SingleMu9er1p5/1.00 L1_SingleMu10er1p5/1.00 L1_SingleMu12er1p5/1.00 L1_SingleMu14er1p5/1.00 L1_SingleMu18er1p5/1.00
316717,1,4,0.00,HLT_Mu10p5_IP3p5_part0_v2/0,OR,L1_SingleMu22/1.00 L1_SingleMu25/1.00 L1_SingleMu6er1p5/0.00 L1_SingleMu7er1p5/0.00 L1_SingleMu8er1p5/0.00 L1_SingleMu9er1p5/0.00 L1_SingleMu10er1p5/0.00 L1_SingleMu12er1p5/0.00 L1_SingleMu14er1p5/0.00 L1_SingleMu18er1p5/0.00
316717,119,5,0.00,HLT_Mu10p5_IP3p5_part0_v2/0,OR,L1_SingleMu22/1.00 L1_SingleMu25/1.00 L1_SingleMu6er1p5/0.00 L1_SingleMu7er1p5/0.00 L1_SingleMu8er1p5/0.00 L1_SingleMu9er1p5/0.00 L1_SingleMu10er1p5/1.00 L1_SingleMu12er1p5/1.00 L1_SingleMu14er1p5/1.00 L1_SingleMu18er1p5/1.00
316718,1,5,0.00,HLT_Mu10p5_IP3p5_part0_v2/0,OR,L1_SingleMu22/1.00 L1_SingleMu25/1.00 L1_SingleMu6er1p5/0.00 L1_SingleMu7er1p5/0.00 L1_SingleMu8er1p5/0.00 L1_SingleMu9er1p5/0.00 L1_SingleMu10er1p5/1.00 L1_SingleMu12er1p5/1.00 L1_SingleMu14er1p5/1.00 L1_SingleMu18er1p5/1.00
316718,265,6,0.00,HLT_Mu10p5_IP3p5_part0_v2/0,OR,L1_SingleMu22/1.00 L1_SingleMu25/1.00 L1_SingleMu6er1p5/0.00 L1_SingleMu7er1p5/0.00 L1_SingleMu8er1p5/0.00 L1_SingleMu9er1p5/1.00 L1_SingleMu10er1p5/1.00 L1_SingleMu12er1p5/1.00 L1_SingleMu14er1p5/1.00 L1_SingleMu18er1p5/1.00
316719,1,6,0.00,HLT_Mu10p5_IP3p5_part0_v2/0,OR,L1_SingleMu22/1.00 L1_SingleMu25/1.00 L1_SingleMu6er1p5/0.00 L1_SingleMu7er1p5/0.00 L1_SingleMu8er1p5/0.00 L1_SingleMu9er1p5/1.00 L1_SingleMu10er1p5/1.00 L1_SingleMu12er1p5/1.00 L1_SingleMu14er1p5/1.00 L1_SingleMu18er1p5/1.00
316720,1,6,0.00,HLT_Mu10p5_IP3p5_part0_v2/0,OR,L1_SingleMu22/1.00 L1_SingleMu25/1.00 L1_SingleMu6er1p5/0.00 L1_SingleMu7er1p5/0.00 L1_SingleMu8er1p5/0.00 L1_SingleMu9er1p5/1.00 L1_SingleMu10er1p5/1.00 L1_SingleMu12er1p5/1.00 L1_SingleMu14er1p5/1.00 L1_SingleMu18er1p5/1.00
316720,106,7,0.00,HLT_Mu10p5_IP3p5_part0_v2/0,OR,L1_SingleMu22/1.00 L1_SingleMu25/1.00 L1_SingleMu6er1p5/0.00 L1_SingleMu7er1p5/0.00 L1_SingleMu8er1p5/1.00 L1_SingleMu9er1p5/1.00 L1_SingleMu10er1p5/1.00 L1_SingleMu12er1p5/1.00 L1_SingleMu14er1p5/1.00 L1_SingleMu18er1p5/1.00
316721,1,7,0.00,HLT_Mu10p5_IP3p5_part0_v2/0,OR,L1_SingleMu22/1.00 L1_SingleMu25/1.00 L1_SingleMu6er1p5/0.00 L1_SingleMu7er1p5/0.00 L1_SingleMu8er1p5/1.00 L1_SingleMu9er1p5/1.00 L1_SingleMu10er1p5/1.00 L1_SingleMu12er1p5/1.00 L1_SingleMu14er1p5/1.00 L1_SingleMu18er1p5/1.00
316722,1,7,0.00,HLT_Mu10p5_IP3p5_part0_v2/0,OR,L1_SingleMu22/1.00 L1_SingleMu25/1.00 L1_SingleMu6er1p5/0.00 L1_SingleMu7er1p5/0.00 L1_SingleMu8er1p5/1.00 L1_SingleMu9er1p5/1.00 L1_SingleMu10er1p5/1.00 L1_SingleMu12er1p5/1.00 L1_SingleMu14er1p5/1.00 L1_SingleMu18er1p5/1.00
316722,378,8,0.00,HLT_Mu10p5_IP3p5_part0_v2/0,OR,L1_SingleMu22/1.00 L1_SingleMu25/1.00 L1_SingleMu6er1p5/0.00 L1_SingleMu7er1p5/1.00 L1_SingleMu8er1p5/1.00 L1_SingleMu9er1p5/1.00 L1_SingleMu10er1p5/1.00 L1_SingleMu12er1p5/1.00 L1_SingleMu14er1p5/1.00 L1_SingleMu18er1p5/1.00
316722,1,7,0.00,HLT_Mu10p5_IP3p5_part0_v2/0,OR,L1_SingleMu22/1.00 L1_SingleMu25/1.00 L1_SingleMu6er1p5/0.00 L1_SingleMu7er1p5/0.00 L1_SingleMu8er1p5/1.00 L1_SingleMu9er1p5/1.00 L1_SingleMu10er1p5/1.00 L1_SingleMu12er1p5/1.00 L1_SingleMu14er1p5/1.00 L1_SingleMu18er1p5/1.00
316722,378,8,0.00,HLT_Mu10p5_IP3p5_part0_v2/0,OR,L1_SingleMu22/1.00 L1_SingleMu25/1.00 L1_SingleMu6er1p5/0.00 L1_SingleMu7er1p5/1.00 L1_SingleMu8er1p5/1.00 L1_SingleMu9er1p5/1.00 L1_SingleMu10er1p5/1.00 L1_SingleMu12er1p5/1.00 L1_SingleMu14er1p5/1.00 L1_SingleMu18er1p5/1.00
316723,1,8,0.00,HLT_Mu10p5_IP3p5_part0_v2/0,OR,L1_SingleMu22/1.00 L1_SingleMu25/1.00 L1_SingleMu6er1p5/0.00 L1_SingleMu7er1p5/1.00 L1_SingleMu8er1p5/1.00 L1_SingleMu9er1p5/1.00 L1_SingleMu10er1p5/1.00 L1_SingleMu12er1p5/1.00 L1_SingleMu14er1p5/1.00 L1_SingleMu18er1p5/1.00
316758,1,2,0.00,HLT_Mu10p5_IP3p5_part0_v2/0,OR,L1_SingleMu22/1.00 L1_SingleMu25/1.00 L1_SingleMu6er1p5/0.00 L1_SingleMu7er1p5/0.00 L1_SingleMu8er1p5/0.00 L1_SingleMu9er1p5/0.00 L1_SingleMu10er1p5/0.00 L1_SingleMu12er1p5/0.00 L1_SingleMu14er1p5/0.00 L1_SingleMu18er1p5/0.00
316758,267,4,0.00,HLT_Mu10p5_IP3p5_part0_v2/0,OR,L1_SingleMu22/1.00 L1_SingleMu25/1.00 L1_SingleMu6er1p5/0.00 L1_SingleMu7er1p5/0.00 L1_SingleMu8er1p5/0.00 L1_SingleMu9er1p5/0.00 L1_SingleMu10er1p5/0.00 L1_SingleMu12er1p5/0.00 L1_SingleMu14er1p5/0.00 L1_SingleMu18er1p5/0.00
316758,516,5,0.00,HLT_Mu10p5_IP3p5_part0_v2/0,OR,L1_SingleMu22/1.00 L1_SingleMu25/1.00 L1_SingleMu6er1p5/0.00 L1_SingleMu7er1p5/0.00 L1_SingleMu8er1p5/0.00 L1_SingleMu9er1p5/0.00 L1_SingleMu10er1p5/1.00 L1_SingleMu12er1p5/1.00 L1_SingleMu14er1p5/1.00 L1_SingleMu18er1p5/1.00
316758,781,6,0.00,HLT_Mu10p5_IP3p5_part0_v2/0,OR,L1_SingleMu22/1.00 L1_SingleMu25/1.00 L1_SingleMu6er1p5/0.00 L1_SingleMu7er1p5/0.00 L1_SingleMu8er1p5/0.00 L1_SingleMu9er1p5/1.00 L1_SingleMu10er1p5/1.00 L1_SingleMu12er1p5/1.00 L1_SingleMu14er1p5/1.00 L1_SingleMu18er1p5/1.00
316758,1089,7,0.00,HLT_Mu10p5_IP3p5_part0_v2/0,OR,L1_SingleMu22/1.00 L1_SingleMu25/1.00 L1_SingleMu6er1p5/0.00 L1_SingleMu7er1p5/0.00 L1_SingleMu8er1p5/1.00 L1_SingleMu9er1p5/1.00 L1_SingleMu10er1p5/1.00 L1_SingleMu12er1p5/1.00 L1_SingleMu14er1p5/1.00 L1_SingleMu18er1p5/1.00
316758,1602,8,0.00,HLT_Mu10p5_IP3p5_part0_v2/0,OR,L1_SingleMu22/1.00 L1_SingleMu25/1.00 L1_SingleMu6er1p5/0.00 L1_SingleMu7er1p5/1.00 L1_SingleMu8er1p5/1.00 L1_SingleMu9er1p5/1.00 L1_SingleMu10er1p5/1.00 L1_SingleMu12er1p5/1.00 L1_SingleMu14er1p5/1.00 L1_SingleMu18er1p5/1.00
316758,1,2,0.00,HLT_Mu10p5_IP3p5_part0_v2/0,OR,L1_SingleMu22/1.00 L1_SingleMu25/1.00 L1_SingleMu6er1p5/0.00 L1_SingleMu7er1p5/0.00 L1_SingleMu8er1p5/0.00 L1_SingleMu9er1p5/0.00 L1_SingleMu10er1p5/0.00 L1_SingleMu12er1p5/0.00 L1_SingleMu14er1p5/0.00 L1_SingleMu18er1p5/0.00
316758,267,4,0.00,HLT_Mu10p5_IP3p5_part0_v2/0,OR,L1_SingleMu22/1.00 L1_SingleMu25/1.00 L1_SingleMu6er1p5/0.00 L1_SingleMu7er1p5/0.00 L1_SingleMu8er1p5/0.00 L1_SingleMu9er1p5/0.00 L1_SingleMu10er1p5/0.00 L1_SingleMu12er1p5/0.00 L1_SingleMu14er1p5/0.00 L1_SingleMu18er1p5/0.00
316758,516,5,0.00,HLT_Mu10p5_IP3p5_part0_v2/0,OR,L1_SingleMu22/1.00 L1_SingleMu25/1.00 L1_SingleMu6er1p5/0.00 L1_SingleMu7er1p5/0.00 L1_SingleMu8er1p5/0.00 L1_SingleMu9er1p5/0.00 L1_SingleMu10er1p5/1.00 L1_SingleMu12er1p5/1.00 L1_SingleMu14er1p5/1.00 L1_SingleMu18er1p5/1.00
316758,781,6,0.00,HLT_Mu10p5_IP3p5_part0_v2/0,OR,L1_SingleMu22/1.00 L1_SingleMu25/1.00 L1_SingleMu6er1p5/0.00 L1_SingleMu7er1p5/0.00 L1_SingleMu8er1p5/0.00 L1_SingleMu9er1p5/1.00 L1_SingleMu10er1p5/1.00 L1_SingleMu12er1p5/1.00 L1_SingleMu14er1p5/1.00 L1_SingleMu18er1p5/1.00
316758,1089,7,0.00,HLT_Mu10p5_IP3p5_part0_v2/0,OR,L1_SingleMu22/1.00 L1_SingleMu25/1.00 L1_SingleMu6er1p5/0.00 L1_SingleMu7er1p5/0.00 L1_SingleMu8er1p5/1.00 L1_SingleMu9er1p5/1.00 L1_SingleMu10er1p5/1.00 L1_SingleMu12er1p5/1.00 L1_SingleMu14er1p5/1.00 L1_SingleMu18er1p5/1.00
316758,1602,8,0.00,HLT_Mu10p5_IP3p5_part0_v2/0,OR,L1_SingleMu22/1.00 L1_SingleMu25/1.00 L1_SingleMu6er1p5/0.00 L1_SingleMu7er1p5/1.00 L1_SingleMu8er1p5/1.00 L1_SingleMu9er1p5/1.00 L1_SingleMu10er1p5/1.00 L1_SingleMu12er1p5/1.00 L1_SingleMu14er1p5/1.00 L1_SingleMu18er1p5/1.00
316766,1,2,0.00,HLT_Mu10p5_IP3p5_part0_v2/0,OR,L1_SingleMu22/1.00 L1_SingleMu25/1.00 L1_SingleMu6er1p5/0.00 L1_SingleMu7er1p5/0.00 L1_SingleMu8er1p5/0.00 L1_SingleMu9er1p5/0.00 L1_SingleMu10er1p5/0.00 L1_SingleMu12er1p5/0.00 L1_SingleMu14er1p5/0.00 L1_SingleMu18er1p5/0.00
316766,363,4,0.00,HLT_Mu10p5_IP3p5_part0_v2/0,OR,L1_SingleMu22/1.00 L1_SingleMu25/1.00 L1_SingleMu6er1p5/0.00 L1_SingleMu7er1p5/0.00 L1_SingleMu8er1p5/0.00 L1_SingleMu9er1p5/0.00 L1_SingleMu10er1p5/0.00 L1_SingleMu12er1p5/0.00 L1_SingleMu14er1p5/0.00 L1_SingleMu18er1p5/0.00
316766,588,5,0.00,HLT_Mu10p5_IP3p5_part0_v2/0,OR,L1_SingleMu22/1.00 L1_SingleMu25/1.00 L1_SingleMu6er1p5/0.00 L1_SingleMu7er1p5/0.00 L1_SingleMu8er1p5/0.00 L1_SingleMu9er1p5/0.00 L1_SingleMu10er1p5/1.00 L1_SingleMu12er1p5/1.00 L1_SingleMu14er1p5/1.00 L1_SingleMu18er1p5/1.00
316766,871,6,0.00,HLT_Mu10p5_IP3p5_part0_v2/0,OR,L1_SingleMu22/1.00 L1_SingleMu25/1.00 L1_SingleMu6er1p5/0.00 L1_SingleMu7er1p5/0.00 L1_SingleMu8er1p5/0.00 L1_SingleMu9er1p5/1.00 L1_SingleMu10er1p5/1.00 L1_SingleMu12er1p5/1.00 L1_SingleMu14er1p5/1.00 L1_SingleMu18er1p5/1.00
316766,1267,7,0.00,HLT_Mu10p5_IP3p5_part0_v2/0,OR,L1_SingleMu22/1.00 L1_SingleMu25/1.00 L1_SingleMu6er1p5/0.00 L1_SingleMu7er1p5/0.00 L1_SingleMu8er1p5/1.00 L1_SingleMu9er1p5/1.00 L1_SingleMu10er1p5/1.00 L1_SingleMu12er1p5/1.00 L1_SingleMu14er1p5/1.00 L1_SingleMu18er1p5/1.00
316766,1897,8,0.00,HLT_Mu10p5_IP3p5_part0_v2/0,OR,L1_SingleMu22/1.00 L1_SingleMu25/1.00 L1_SingleMu6er1p5/0.00 L1_SingleMu7er1p5/1.00 L1_SingleMu8er1p5/1.00 L1_SingleMu9er1p5/1.00 L1_SingleMu10er1p5/1.00 L1_SingleMu12er1p5/1.00 L1_SingleMu14er1p5/1.00 L1_SingleMu18er1p5/1.00
316766,1,2,0.00,HLT_Mu10p5_IP3p5_part0_v2/0,OR,L1_SingleMu22/1.00 L1_SingleMu25/1.00 L1_SingleMu6er1p5/0.00 L1_SingleMu7er1p5/0.00 L1_SingleMu8er1p5/0.00 L1_SingleMu9er1p5/0.00 L1_SingleMu10er1p5/0.00 L1_SingleMu12er1p5/0.00 L1_SingleMu14er1p5/0.00 L1_SingleMu18er1p5/0.00
316766,363,4,0.00,HLT_Mu10p5_IP3p5_part0_v2/0,OR,L1_SingleMu22/1.00 L1_SingleMu25/1.00 L1_SingleMu6er1p5/0.00 L1_SingleMu7er1p5/0.00 L1_SingleMu8er1p5/0.00 L1_SingleMu9er1p5/0.00 L1_SingleMu10er1p5/0.00 L1_SingleMu12er1p5/0.00 L1_SingleMu14er1p5/0.00 L1_SingleMu18er1p5/0.00
316766,588,5,0.00,HLT_Mu10p5_IP3p5_part0_v2/0,OR,L1_SingleMu22/1.00 L1_SingleMu25/1.00 L1_SingleMu6er1p5/0.00 L1_SingleMu7er1p5/0.00 L1_SingleMu8er1p5/0.00 L1_SingleMu9er1p5/0.00 L1_SingleMu10er1p5/1.00 L1_SingleMu12er1p5/1.00 L1_SingleMu14er1p5/1.00 L1_SingleMu18er1p5/1.00
316766,871,6,0.00,HLT_Mu10p5_IP3p5_part0_v2/0,OR,L1_SingleMu22/1.00 L1_SingleMu25/1.00 L1_SingleMu6er1p5/0.00 L1_SingleMu7er1p5/0.00 L1_SingleMu8er1p5/0.00 L1_SingleMu9er1p5/1.00 L1_SingleMu10er1p5/1.00 L1_SingleMu12er1p5/1.00 L1_SingleMu14er1p5/1.00 L1_SingleMu18er1p5/1.00
316766,1267,7,0.00,HLT_Mu10p5_IP3p5_part0_v2/0,OR,L1_SingleMu22/1.00 L1_SingleMu25/1.00 L1_SingleMu6er1p5/0.00 L1_SingleMu7er1p5/0.00 L1_SingleMu8er1p5/1.00 L1_SingleMu9er1p5/1.00 L1_SingleMu10er1p5/1.00 L1_SingleMu12er1p5/1.00 L1_SingleMu14er1p5/1.00 L1_SingleMu18er1p5/1.00
316766,1897,8,0.00,HLT_Mu10p5_IP3p5_part0_v2/0,OR,L1_SingleMu22/1.00 L1_SingleMu25/1.00 L1_SingleMu6er1p5/0.00 L1_SingleMu7er1p5/1.00 L1_SingleMu8er1p5/1.00 L1_SingleMu9er1p5/1.00 L1_SingleMu10er1p5/1.00 L1_SingleMu12er1p5/1.00 L1_SingleMu14er1p5/1.00 L1_SingleMu18er1p5/1.00
316876,1,2,0.00,HLT_Mu10p5_IP3p5_part0_v2/0,OR,L1_SingleMu22/1.00 L1_SingleMu25/1.00 L1_SingleMu6er1p5/0.00 L1_SingleMu7er1p5/0.00 L1_SingleMu8er1p5/0.00 L1_SingleMu9er1p5/0.00 L1_SingleMu10er1p5/0.00 L1_SingleMu12er1p5/0.00 L1_SingleMu14er1p5/0.00 L1_SingleMu18er1p5/0.00
316876,295,4,0.00,HLT_Mu10p5_IP3p5_part0_v2/0,OR,L1_SingleMu22/1.00 L1_SingleMu25/1.00 L1_SingleMu6er1p5/0.00 L1_SingleMu7er1p5/0.00 L1_SingleMu8er1p5/0.00 L1_SingleMu9er1p5/0.00 L1_SingleMu10er1p5/0.00 L1_SingleMu12er1p5/0.00 L1_SingleMu14er1p5/0.00 L1_SingleMu18er1p5/0.00
316876,461,5,0.00,HLT_Mu10p5_IP3p5_part0_v2/0,OR,L1_SingleMu22/1.00 L1_SingleMu25/1.00 L1_SingleMu6er1p5/0.00 L1_SingleMu7er1p5/0.00 L1_SingleMu8er1p5/0.00 L1_SingleMu9er1p5/0.00 L1_SingleMu10er1p5/1.00 L1_SingleMu12er1p5/1.00 L1_SingleMu14er1p5/1.00 L1_SingleMu18er1p5/1.00
316876,479,4,0.00,HLT_Mu10p5_IP3p5_part0_v2/0,OR,L1_SingleMu22/1.00 L1_SingleMu25/1.00 L1_SingleMu6er1p5/0.00 L1_SingleMu7er1p5/0.00 L1_SingleMu8er1p5/0.00 L1_SingleMu9er1p5/0.00 L1_SingleMu10er1p5/0.00 L1_SingleMu12er1p5/0.00 L1_SingleMu14er1p5/0.00 L1_SingleMu18er1p5/0.00
316876,607,5,0.00,HLT_Mu10p5_IP3p5_part0_v2/0,OR,L1_SingleMu22/1.00 L1_SingleMu25/1.00 L1_SingleMu6er1p5/0.00 L1_SingleMu7er1p5/0.00 L1_SingleMu8er1p5/0.00 L1_SingleMu9er1p5/0.00 L1_SingleMu10er1p5/1.00 L1_SingleMu12er1p5/1.00 L1_SingleMu14er1p5/1.00 L1_SingleMu18er1p5/1.00
316877,1,5,0.00,HLT_Mu10p5_IP3p5_part0_v2/0,OR,L1_SingleMu22/1.00 L1_SingleMu25/1.00 L1_SingleMu6er1p5/0.00 L1_SingleMu7er1p5/0.00 L1_SingleMu8er1p5/0.00 L1_SingleMu9er1p5/0.00 L1_SingleMu10er1p5/1.00 L1_SingleMu12er1p5/1.00 L1_SingleMu14er1p5/1.00 L1_SingleMu18er1p5/1.00
316877,210,6,0.00,HLT_Mu10p5_IP3p5_part0_v2/0,OR,L1_SingleMu22/1.00 L1_SingleMu25/1.00 L1_SingleMu6er1p5/0.00 L1_SingleMu7er1p5/0.00 L1_SingleMu8er1p5/0.00 L1_SingleMu9er1p5/1.00 L1_SingleMu10er1p5/1.00 L1_SingleMu12er1p5/1.00 L1_SingleMu14er1p5/1.00 L1_SingleMu18er1p5/1.00
316879,1,6,0.00,HLT_Mu10p5_IP3p5_part0_v2/0,OR,L1_SingleMu22/1.00 L1_SingleMu25/1.00 L1_SingleMu6er1p5/0.00 L1_SingleMu7er1p5/0.00 L1_SingleMu8er1p5/0.00 L1_SingleMu9er1p5/1.00 L1_SingleMu10er1p5/1.00 L1_SingleMu12er1p5/1.00 L1_SingleMu14er1p5/1.00 L1_SingleMu18er1p5/1.00
316879,140,7,0.00,HLT_Mu10p5_IP3p5_part0_v2/0,OR,L1_SingleMu22/1.00 L1_SingleMu25/1.00 L1_SingleMu6er1p5/0.00 L1_SingleMu7er1p5/0.00 L1_SingleMu8er1p5/1.00 L1_SingleMu9er1p5/1.00 L1_SingleMu10er1p5/1.00 L1_SingleMu12er1p5/1.00 L1_SingleMu14er1p5/1.00 L1_SingleMu18er1p5/1.00
316928,1,2,0.00,HLT_Mu10p5_IP3p5_part0_v2/0,OR,L1_SingleMu22/1.00 L1_SingleMu25/1.00 L1_SingleMu6er1p5/0.00 L1_SingleMu7er1p5/0.00 L1_SingleMu8er1p5/0.00 L1_SingleMu9er1p5/0.00 L1_SingleMu10er1p5/0.00 L1_SingleMu12er1p5/0.00 L1_SingleMu14er1p5/0.00 L1_SingleMu18er1p5/0.00
316928,3,3,0.00,HLT_Mu10p5_IP3p5_part0_v2/0,OR,L1_SingleMu22/1.00 L1_SingleMu25/1.00 L1_SingleMu6er1p5/0.00 L1_SingleMu7er1p5/0.00 L1_SingleMu8er1p5/0.00 L1_SingleMu9er1p5/0.00 L1_SingleMu10er1p5/0.00 L1_SingleMu12er1p5/0.00 L1_SingleMu14er1p5/0.00 L1_SingleMu18er1p5/0.00
316928,58,5,0.00,HLT_Mu10p5_IP3p5_part0_v2/0,OR,L1_SingleMu22/1.00 L1_SingleMu25/1.00 L1_SingleMu6er1p5/0.00 L1_SingleMu7er1p5/0.00 L1_SingleMu8er1p5/0.00 L1_SingleMu9er1p5/0.00 L1_SingleMu10er1p5/1.00 L1_SingleMu12er1p5/1.00 L1_SingleMu14er1p5/1.00 L1_SingleMu18er1p5/1.00
316995,1,4,0.00,HLT_Mu10p5_IP3p5_part0_v2/0,OR,L1_SingleMu22/1.00 L1_SingleMu25/1.00 L1_SingleMu6er1p5/0.00 L1_SingleMu7er1p5/0.00 L1_SingleMu8er1p5/0.00 L1_SingleMu9er1p5/0.00 L1_SingleMu10er1p5/0.00 L1_SingleMu12er1p5/0.00 L1_SingleMu14er1p5/0.00 L1_SingleMu18er1p5/0.00
316995,86,5,0.00,HLT_Mu10p5_IP3p5_part0_v2/0,OR,L1_SingleMu22/1.00 L1_SingleMu25/1.00 L1_SingleMu6er1p5/0.00 L1_SingleMu7er1p5/0.00 L1_SingleMu8er1p5/0.00 L1_SingleMu9er1p5/0.00 L1_SingleMu10er1p5/1.00 L1_SingleMu12er1p5/1.00 L1_SingleMu14er1p5/1.00 L1_SingleMu18er1p5/1.00
316995,401,6,0.00,HLT_Mu10p5_IP3p5_part0_v2/0,OR,L1_SingleMu22/1.00 L1_SingleMu25/1.00 L1_SingleMu6er1p5/0.00 L1_SingleMu7er1p5/0.00 L1_SingleMu8er1p5/0.00 L1_SingleMu9er1p5/1.00 L1_SingleMu10er1p5/1.00 L1_SingleMu12er1p5/1.00 L1_SingleMu14er1p5/1.00 L1_SingleMu18er1p5/1.00
317087,1,2,0.00,HLT_Mu10p5_IP3p5_part0_v2/0,OR,L1_SingleMu22/1.00 L1_SingleMu25/1.00 L1_SingleMu6er1p5/0.00 L1_SingleMu7er1p5/0.00 L1_SingleMu8er1p5/0.00 L1_SingleMu9er1p5/0.00 L1_SingleMu10er1p5/0.00 L1_SingleMu12er1p5/0.00 L1_SingleMu14er1p5/0.00 L1_SingleMu18er1p5/0.00
317087,267,4,0.00,HLT_Mu10p5_IP3p5_part0_v2/0,OR,L1_SingleMu22/1.00 L1_SingleMu25/1.00 L1_SingleMu6er1p5/0.00 L1_SingleMu7er1p5/0.00 L1_SingleMu8er1p5/0.00 L1_SingleMu9er1p5/0.00 L1_SingleMu10er1p5/0.00 L1_SingleMu12er1p5/0.00 L1_SingleMu14er1p5/0.00 L1_SingleMu18er1p5/0.00
317087,510,5,0.00,HLT_Mu10p5_IP3p5_part0_v2/0,OR,L1_SingleMu22/1.00 L1_SingleMu25/1.00 L1_SingleMu6er1p5/0.00 L1_SingleMu7er1p5/0.00 L1_SingleMu8er1p5/0.00 L1_SingleMu9er1p5/0.00 L1_SingleMu10er1p5/1.00 L1_SingleMu12er1p5/1.00 L1_SingleMu14er1p5/1.00 L1_SingleMu18er1p5/1.00
317087,836,6,0.00,HLT_Mu10p5_IP3p5_part0_v2/0,OR,L1_SingleMu22/1.00 L1_SingleMu25/1.00 L1_SingleMu6er1p5/0.00 L1_SingleMu7er1p5/0.00 L1_SingleMu8er1p5/0.00 L1_SingleMu9er1p5/1.00 L1_SingleMu10er1p5/1.00 L1_SingleMu12er1p5/1.00 L1_SingleMu14er1p5/1.00 L1_SingleMu18er1p5/1.00
317089,1,6,0.00,HLT_Mu10p5_IP3p5_part0_v2/0,OR,L1_SingleMu22/1.00 L1_SingleMu25/1.00 L1_SingleMu6er1p5/0.00 L1_SingleMu7er1p5/0.00 L1_SingleMu8er1p5/0.00 L1_SingleMu9er1p5/1.00 L1_SingleMu10er1p5/1.00 L1_SingleMu12er1p5/1.00 L1_SingleMu14er1p5/1.00 L1_SingleMu18er1p5/1.00
317089,240,7,0.00,HLT_Mu10p5_IP3p5_part0_v2/0,OR,L1_SingleMu22/1.00 L1_SingleMu25/1.00 L1_SingleMu6er1p5/0.00 L1_SingleMu7er1p5/0.00 L1_SingleMu8er1p5/1.00 L1_SingleMu9er1p5/1.00 L1_SingleMu10er1p5/1.00 L1_SingleMu12er1p5/1.00 L1_SingleMu14er1p5/1.00 L1_SingleMu18er1p5/1.00
317089,693,8,0.00,HLT_Mu10p5_IP3p5_part0_v2/0,OR,L1_SingleMu22/1.00 L1_SingleMu25/1.00 L1_SingleMu6er1p5/0.00 L1_SingleMu7er1p5/1.00 L1_SingleMu8er1p5/1.00 L1_SingleMu9er1p5/1.00 L1_SingleMu10er1p5/1.00 L1_SingleMu12er1p5/1.00 L1_SingleMu14er1p5/1.00 L1_SingleMu18er1p5/1.00
317089,1,6,0.00,HLT_Mu10p5_IP3p5_part0_v2/0,OR,L1_SingleMu22/1.00 L1_SingleMu25/1.00 L1_SingleMu6er1p5/0.00 L1_SingleMu7er1p5/0.00 L1_SingleMu8er1p5/0.00 L1_SingleMu9er1p5/1.00 L1_SingleMu10er1p5/1.00 L1_SingleMu12er1p5/1.00 L1_SingleMu14er1p5/1.00 L1_SingleMu18er1p5/1.00
317089,240,7,0.00,HLT_Mu10p5_IP3p5_part0_v2/0,OR,L1_SingleMu22/1.00 L1_SingleMu25/1.00 L1_SingleMu6er1p5/0.00 L1_SingleMu7er1p5/0.00 L1_SingleMu8er1p5/1.00 L1_SingleMu9er1p5/1.00 L1_SingleMu10er1p5/1.00 L1_SingleMu12er1p5/1.00 L1_SingleMu14er1p5/1.00 L1_SingleMu18er1p5/1.00
317089,693,8,0.00,HLT_Mu10p5_IP3p5_part0_v2/0,OR,L1_SingleMu22/1.00 L1_SingleMu25/1.00 L1_SingleMu6er1p5/0.00 L1_SingleMu7er1p5/1.00 L1_SingleMu8er1p5/1.00 L1_SingleMu9er1p5/1.00 L1_SingleMu10er1p5/1.00 L1_SingleMu12er1p5/1.00 L1_SingleMu14er1p5/1.00 L1_SingleMu18er1p5/1.00
317182,1,2,0.00,HLT_Mu10p5_IP3p5_part0_v2/0,OR,L1_SingleMu22/1.00 L1_SingleMu25/1.00 L1_SingleMu6er1p5/0.00 L1_SingleMu7er1p5/0.00 L1_SingleMu8er1p5/0.00 L1_SingleMu9er1p5/0.00 L1_SingleMu10er1p5/0.00 L1_SingleMu12er1p5/0.00 L1_SingleMu14er1p5/0.00 L1_SingleMu18er1p5/0.00
317182,237,4,0.00,HLT_Mu10p5_IP3p5_part0_v2/0,OR,L1_SingleMu22/1.00 L1_SingleMu25/1.00 L1_SingleMu6er1p5/0.00 L1_SingleMu7er1p5/0.00 L1_SingleMu8er1p5/0.00 L1_SingleMu9er1p5/0.00 L1_SingleMu10er1p5/0.00 L1_SingleMu12er1p5/0.00 L1_SingleMu14er1p5/0.00 L1_SingleMu18er1p5/0.00
317182,516,5,0.00,HLT_Mu10p5_IP3p5_part0_v2/0,OR,L1_SingleMu22/1.00 L1_SingleMu25/1.00 L1_SingleMu6er1p5/0.00 L1_SingleMu7er1p5/0.00 L1_SingleMu8er1p5/0.00 L1_SingleMu9er1p5/0.00 L1_SingleMu10er1p5/1.00 L1_SingleMu12er1p5/1.00 L1_SingleMu14er1p5/1.00 L1_SingleMu18er1p5/1.00
317182,807,6,0.00,HLT_Mu10p5_IP3p5_part0_v2/0,OR,L1_SingleMu22/1.00 L1_SingleMu25/1.00 L1_SingleMu6er1p5/0.00 L1_SingleMu7er1p5/0.00 L1_SingleMu8er1p5/0.00 L1_SingleMu9er1p5/1.00 L1_SingleMu10er1p5/1.00 L1_SingleMu12er1p5/1.00 L1_SingleMu14er1p5/1.00 L1_SingleMu18er1p5/1.00
317182,1180,7,0.00,HLT_Mu10p5_IP3p5_part0_v2/0,OR,L1_SingleMu22/1.00 L1_SingleMu25/1.00 L1_SingleMu6er1p5/0.00 L1_SingleMu7er1p5/0.00 L1_SingleMu8er1p5/1.00 L1_SingleMu9er1p5/1.00 L1_SingleMu10er1p5/1.00 L1_SingleMu12er1p5/1.00 L1_SingleMu14er1p5/1.00 L1_SingleMu18er1p5/1.00
317213,1,2,0.00,HLT_Mu10p5_IP3p5_part0_v2/0,OR,L1_SingleMu22/1.00 L1_SingleMu25/1.00 L1_SingleMu6er1p5/0.00 L1_SingleMu7er1p5/0.00 L1_SingleMu8er1p5/0.00 L1_SingleMu9er1p5/0.00 L1_SingleMu10er1p5/0.00 L1_SingleMu12er1p5/0.00 L1_SingleMu14er1p5/0.00 L1_SingleMu18er1p5/0.00
317213,11,4,0.00,HLT_Mu10p5_IP3p5_part0_v2/0,OR,L1_SingleMu22/1.00 L1_SingleMu25/1.00 L1_SingleMu6er1p5/0.00 L1_SingleMu7er1p5/0.00 L1_SingleMu8er1p5/0.00 L1_SingleMu9er1p5/0.00 L1_SingleMu10er1p5/0.00 L1_SingleMu12er1p5/0.00 L1_SingleMu14er1p5/0.00 L1_SingleMu18er1p5/0.00
317213,283,5,0.00,HLT_Mu10p5_IP3p5_part0_v2/0,OR,L1_SingleMu22/1.00 L1_SingleMu25/1.00 L1_SingleMu6er1p5/0.00 L1_SingleMu7er1p5/0.00 L1_SingleMu8er1p5/0.00 L1_SingleMu9er1p5/0.00 L1_SingleMu10er1p5/1.00 L1_SingleMu12er1p5/1.00 L1_SingleMu14er1p5/1.00 L1_SingleMu18er1p5/1.00
317279,1,2,0.00,HLT_Mu10p5_IP3p5_part0_v2/0,OR,L1_SingleMu22/1.00 L1_SingleMu25/1.00 L1_SingleMu6er1p5/0.00 L1_SingleMu7er1p5/0.00 L1_SingleMu8er1p5/0.00 L1_SingleMu9er1p5/0.00 L1_SingleMu10er1p5/0.00 L1_SingleMu12er1p5/0.00 L1_SingleMu14er1p5/0.00 L1_SingleMu18er1p5/0.00
317279,35,11,0.00,HLT_Mu10p5_IP3p5_part0_v2/0,OR,L1_SingleMu22/1.00 L1_SingleMu25/1.00 L1_SingleMu6er1p5/0.00 L1_SingleMu7er1p5/0.00 L1_SingleMu8er1p5/1.00 L1_SingleMu9er1p5/1.00 L1_SingleMu10er1p5/1.00 L1_SingleMu12er1p5/1.00 L1_SingleMu14er1p5/1.00 L1_SingleMu18er1p5/1.00
317291,1,2,0.00,HLT_Mu10p5_IP3p5_part0_v2/0,OR,L1_SingleMu22/1.00 L1_SingleMu25/1.00 L1_SingleMu6er1p5/0.00 L1_SingleMu7er1p5/0.00 L1_SingleMu8er1p5/0.00 L1_SingleMu9er1p5/0.00 L1_SingleMu10er1p5/0.00 L1_SingleMu12er1p5/0.00 L1_SingleMu14er1p5/0.00 L1_SingleMu18er1p5/0.00
317291,250,4,0.00,HLT_Mu10p5_IP3p5_part0_v2/0,OR,L1_SingleMu22/1.00 L1_SingleMu25/1.00 L1_SingleMu6er1p5/0.00 L1_SingleMu7er1p5/0.00 L1_SingleMu8er1p5/0.00 L1_SingleMu9er1p5/0.00 L1_SingleMu10er1p5/0.00 L1_SingleMu12er1p5/0.00 L1_SingleMu14er1p5/0.00 L1_SingleMu18er1p5/0.00
317291,540,5,0.00,HLT_Mu10p5_IP3p5_part0_v2/0,OR,L1_SingleMu22/1.00 L1_SingleMu25/1.00 L1_SingleMu6er1p5/0.00 L1_SingleMu7er1p5/0.00 L1_SingleMu8er1p5/0.00 L1_SingleMu9er1p5/0.00 L1_SingleMu10er1p5/1.00 L1_SingleMu12er1p5/1.00 L1_SingleMu14er1p5/1.00 L1_SingleMu18er1p5/1.00
317292,1,5,0.00,HLT_Mu10p5_IP3p5_part0_v2/0,OR,L1_SingleMu22/1.00 L1_SingleMu25/1.00 L1_SingleMu6er1p5/0.00 L1_SingleMu7er1p5/0.00 L1_SingleMu8er1p5/0.00 L1_SingleMu9er1p5/0.00 L1_SingleMu10er1p5/1.00 L1_SingleMu12er1p5/1.00 L1_SingleMu14er1p5/1.00 L1_SingleMu18er1p5/1.00
317292,25,6,0.00,HLT_Mu10p5_IP3p5_part0_v2/0,OR,L1_SingleMu22/1.00 L1_SingleMu25/1.00 L1_SingleMu6er1p5/0.00 L1_SingleMu7er1p5/0.00 L1_SingleMu8er1p5/0.00 L1_SingleMu9er1p5/1.00 L1_SingleMu10er1p5/1.00 L1_SingleMu12er1p5/1.00 L1_SingleMu14er1p5/1.00 L1_SingleMu18er1p5/1.00
317292,325,7,0.00,HLT_Mu10p5_IP3p5_part0_v2/0,OR,L1_SingleMu22/1.00 L1_SingleMu25/1.00 L1_SingleMu6er1p5/0.00 L1_SingleMu7er1p5/0.00 L1_SingleMu8er1p5/1.00 L1_SingleMu9er1p5/1.00 L1_SingleMu10er1p5/1.00 L1_SingleMu12er1p5/1.00 L1_SingleMu14er1p5/1.00 L1_SingleMu18er1p5/1.00
317292,336,6,0.00,HLT_Mu10p5_IP3p5_part0_v2/0,OR,L1_SingleMu22/1.00 L1_SingleMu25/1.00 L1_SingleMu6er1p5/0.00 L1_SingleMu7er1p5/0.00 L1_SingleMu8er1p5/0.00 L1_SingleMu9er1p5/1.00 L1_SingleMu10er1p5/1.00 L1_SingleMu12er1p5/1.00 L1_SingleMu14er1p5/1.00 L1_SingleMu18er1p5/1.00
317292,337,7,0.00,HLT_Mu10p5_IP3p5_part0_v2/0,OR,L1_SingleMu22/1.00 L1_SingleMu25/1.00 L1_SingleMu6er1p5/0.00 L1_SingleMu7er1p5/0.00 L1_SingleMu8er1p5/1.00 L1_SingleMu9er1p5/1.00 L1_SingleMu10er1p5/1.00 L1_SingleMu12er1p5/1.00 L1_SingleMu14er1p5/1.00 L1_SingleMu18er1p5/1.00
317292,342,6,0.00,HLT_Mu10p5_IP3p5_part0_v2/0,OR,L1_SingleMu22/1.00 L1_SingleMu25/1.00 L1_SingleMu6er1p5/0.00 L1_SingleMu7er1p5/0.00 L1_SingleMu8er1p5/0.00 L1_SingleMu9er1p5/1.00 L1_SingleMu10er1p5/1.00 L1_SingleMu12er1p5/1.00 L1_SingleMu14er1p5/1.00 L1_SingleMu18er1p5/1.00
317297,1,2,0.00,HLT_Mu10p5_IP3p5_part0_v2/0,OR,L1_SingleMu22/1.00 L1_SingleMu25/1.00 L1_SingleMu6er1p5/0.00 L1_SingleMu7er1p5/0.00 L1_SingleMu8er1p5/0.00 L1_SingleMu9er1p5/0.00 L1_SingleMu10er1p5/0.00 L1_SingleMu12er1p5/0.00 L1_SingleMu14er1p5/0.00 L1_SingleMu18er1p5/0.00
317297,4,7,0.00,HLT_Mu10p5_IP3p5_part0_v2/0,OR,L1_SingleMu22/1.00 L1_SingleMu25/1.00 L1_SingleMu6er1p5/0.00 L1_SingleMu7er1p5/0.00 L1_SingleMu8er1p5/1.00 L1_SingleMu9er1p5/1.00 L1_SingleMu10er1p5/1.00 L1_SingleMu12er1p5/1.00 L1_SingleMu14er1p5/1.00 L1_SingleMu18er1p5/1.00
317297,357,8,0.00,HLT_Mu10p5_IP3p5_part0_v2/0,OR,L1_SingleMu22/1.00 L1_SingleMu25/1.00 L1_SingleMu6er1p5/0.00 L1_SingleMu7er1p5/1.00 L1_SingleMu8er1p5/1.00 L1_SingleMu9er1p5/1.00 L1_SingleMu10er1p5/1.00 L1_SingleMu12er1p5/1.00 L1_SingleMu14er1p5/1.00 L1_SingleMu18er1p5/1.00
317297,1,2,0.00,HLT_Mu10p5_IP3p5_part0_v2/0,OR,L1_SingleMu22/1.00 L1_SingleMu25/1.00 L1_SingleMu6er1p5/0.00 L1_SingleMu7er1p5/0.00 L1_SingleMu8er1p5/0.00 L1_SingleMu9er1p5/0.00 L1_SingleMu10er1p5/0.00 L1_SingleMu12er1p5/0.00 L1_SingleMu14er1p5/0.00 L1_SingleMu18er1p5/0.00
317297,4,7,0.00,HLT_Mu10p5_IP3p5_part0_v2/0,OR,L1_SingleMu22/1.00 L1_SingleMu25/1.00 L1_SingleMu6er1p5/0.00 L1_SingleMu7er1p5/0.00 L1_SingleMu8er1p5/1.00 L1_SingleMu9er1p5/1.00 L1_SingleMu10er1p5/1.00 L1_SingleMu12er1p5/1.00 L1_SingleMu14er1p5/1.00 L1_SingleMu18er1p5/1.00
317297,357,8,0.00,HLT_Mu10p5_IP3p5_part0_v2/0,OR,L1_SingleMu22/1.00 L1_SingleMu25/1.00 L1_SingleMu6er1p5/0.00 L1_SingleMu7er1p5/1.00 L1_SingleMu8er1p5/1.00 L1_SingleMu9er1p5/1.00 L1_SingleMu10er1p5/1.00 L1_SingleMu12er1p5/1.00 L1_SingleMu14er1p5/1.00 L1_SingleMu18er1p5/1.00
317320,1,2,0.00,HLT_Mu10p5_IP3p5_part0_v2/0,OR,L1_SingleMu22/1.00 L1_SingleMu25/1.00 L1_SingleMu6er1p5/0.00 L1_SingleMu7er1p5/0.00 L1_SingleMu8er1p5/0.00 L1_SingleMu9er1p5/0.00 L1_SingleMu10er1p5/0.00 L1_SingleMu12er1p5/0.00 L1_SingleMu14er1p5/0.00 L1_SingleMu18er1p5/0.00
317320,106,4,0.00,HLT_Mu10p5_IP3p5_part0_v2/0,OR,L1_SingleMu22/1.00 L1_SingleMu25/1.00 L1_SingleMu6er1p5/0.00 L1_SingleMu7er1p5/0.00 L1_SingleMu8er1p5/0.00 L1_SingleMu9er1p5/0.00 L1_SingleMu10er1p5/0.00 L1_SingleMu12er1p5/0.00 L1_SingleMu14er1p5/0.00 L1_SingleMu18er1p5/0.00
317320,348,5,0.00,HLT_Mu10p5_IP3p5_part0_v2/0,OR,L1_SingleMu22/1.00 L1_SingleMu25/1.00 L1_SingleMu6er1p5/0.00 L1_SingleMu7er1p5/0.00 L1_SingleMu8er1p5/0.00 L1_SingleMu9er1p5/0.00 L1_SingleMu10er1p5/1.00 L1_SingleMu12er1p5/1.00 L1_SingleMu14er1p5/1.00 L1_SingleMu18er1p5/1.00
317320,626,6,0.00,HLT_Mu10p5_IP3p5_part0_v2/0,OR,L1_SingleMu22/1.00 L1_SingleMu25/1.00 L1_SingleMu6er1p5/0.00 L1_SingleMu7er1p5/0.00 L1_SingleMu8er1p5/0.00 L1_SingleMu9er1p5/1.00 L1_SingleMu10er1p5/1.00 L1_SingleMu12er1p5/1.00 L1_SingleMu14er1p5/1.00 L1_SingleMu18er1p5/1.00
317320,856,7,0.00,HLT_Mu10p5_IP3p5_part0_v2/0,OR,L1_SingleMu22/1.00 L1_SingleMu25/1.00 L1_SingleMu6er1p5/0.00 L1_SingleMu7er1p5/0.00 L1_SingleMu8er1p5/1.00 L1_SingleMu9er1p5/1.00 L1_SingleMu10er1p5/1.00 L1_SingleMu12er1p5/1.00 L1_SingleMu14er1p5/1.00 L1_SingleMu18er1p5/1.00
317320,1363,8,0.00,HLT_Mu10p5_IP3p5_part0_v2/0,OR,L1_SingleMu22/1.00 L1_SingleMu25/1.00 L1_SingleMu6er1p5/0.00 L1_SingleMu7er1p5/1.00 L1_SingleMu8er1p5/1.00 L1_SingleMu9er1p5/1.00 L1_SingleMu10er1p5/1.00 L1_SingleMu12er1p5/1.00 L1_SingleMu14er1p5/1.00 L1_SingleMu18er1p5/1.00
317320,1,2,0.00,HLT_Mu10p5_IP3p5_part0_v2/0,OR,L1_SingleMu22/1.00 L1_SingleMu25/1.00 L1_SingleMu6er1p5/0.00 L1_SingleMu7er1p5/0.00 L1_SingleMu8er1p5/0.00 L1_SingleMu9er1p5/0.00 L1_SingleMu10er1p5/0.00 L1_SingleMu12er1p5/0.00 L1_SingleMu14er1p5/0.00 L1_SingleMu18er1p5/0.00
317320,106,4,0.00,HLT_Mu10p5_IP3p5_part0_v2/0,OR,L1_SingleMu22/1.00 L1_SingleMu25/1.00 L1_SingleMu6er1p5/0.00 L1_SingleMu7er1p5/0.00 L1_SingleMu8er1p5/0.00 L1_SingleMu9er1p5/0.00 L1_SingleMu10er1p5/0.00 L1_SingleMu12er1p5/0.00 L1_SingleMu14er1p5/0.00 L1_SingleMu18er1p5/0.00
317320,348,5,0.00,HLT_Mu10p5_IP3p5_part0_v2/0,OR,L1_SingleMu22/1.00 L1_SingleMu25/1.00 L1_SingleMu6er1p5/0.00 L1_SingleMu7er1p5/0.00 L1_SingleMu8er1p5/0.00 L1_SingleMu9er1p5/0.00 L1_SingleMu10er1p5/1.00 L1_SingleMu12er1p5/1.00 L1_SingleMu14er1p5/1.00 L1_SingleMu18er1p5/1.00
317320,626,6,0.00,HLT_Mu10p5_IP3p5_part0_v2/0,OR,L1_SingleMu22/1.00 L1_SingleMu25/1.00 L1_SingleMu6er1p5/0.00 L1_SingleMu7er1p5/0.00 L1_SingleMu8er1p5/0.00 L1_SingleMu9er1p5/1.00 L1_SingleMu10er1p5/1.00 L1_SingleMu12er1p5/1.00 L1_SingleMu14er1p5/1.00 L1_SingleMu18er1p5/1.00
317320,856,7,0.00,HLT_Mu10p5_IP3p5_part0_v2/0,OR,L1_SingleMu22/1.00 L1_SingleMu25/1.00 L1_SingleMu6er1p5/0.00 L1_SingleMu7er1p5/0.00 L1_SingleMu8er1p5/1.00 L1_SingleMu9er1p5/1.00 L1_SingleMu10er1p5/1.00 L1_SingleMu12er1p5/1.00 L1_SingleMu14er1p5/1.00 L1_SingleMu18er1p5/1.00
317320,1363,8,0.00,HLT_Mu10p5_IP3p5_part0_v2/0,OR,L1_SingleMu22/1.00 L1_SingleMu25/1.00 L1_SingleMu6er1p5/0.00 L1_SingleMu7er1p5/1.00 L1_SingleMu8er1p5/1.00 L1_SingleMu9er1p5/1.00 L1_SingleMu10er1p5/1.00 L1_SingleMu12er1p5/1.00 L1_SingleMu14er1p5/1.00 L1_SingleMu18er1p5/1.00
317340,1,2,0.00,HLT_Mu10p5_IP3p5_part0_v2/0,OR,L1_SingleMu22/1.00 L1_SingleMu25/1.00 L1_SingleMu6er1p5/0.00 L1_SingleMu7er1p5/0.00 L1_SingleMu8er1p5/0.00 L1_SingleMu9er1p5/0.00 L1_SingleMu10er1p5/0.00 L1_SingleMu12er1p5/0.00 L1_SingleMu14er1p5/0.00 L1_SingleMu18er1p5/0.00
317340,39,4,0.00,HLT_Mu10p5_IP3p5_part0_v2/0,OR,L1_SingleMu22/1.00 L1_SingleMu25/1.00 L1_SingleMu6er1p5/0.00 L1_SingleMu7er1p5/0.00 L1_SingleMu8er1p5/0.00 L1_SingleMu9er1p5/0.00 L1_SingleMu10er1p5/0.00 L1_SingleMu12er1p5/0.00 L1_SingleMu14er1p5/0.00 L1_SingleMu18er1p5/0.00
317340,277,5,0.00,HLT_Mu10p5_IP3p5_part0_v2/0,OR,L1_SingleMu22/1.00 L1_SingleMu25/1.00 L1_SingleMu6er1p5/0.00 L1_SingleMu7er1p5/0.00 L1_SingleMu8er1p5/0.00 L1_SingleMu9er1p5/0.00 L1_SingleMu10er1p5/1.00 L1_SingleMu12er1p5/1.00 L1_SingleMu14er1p5/1.00 L1_SingleMu18er1p5/1.00
317392,1,2,0.00,HLT_Mu10p5_IP3p5_part0_v2/0,OR,L1_SingleMu22/1.00 L1_SingleMu25/1.00 L1_SingleMu6er1p5/0.00 L1_SingleMu7er1p5/0.00 L1_SingleMu8er1p5/0.00 L1_SingleMu9er1p5/0.00 L1_SingleMu10er1p5/0.00 L1_SingleMu12er1p5/0.00 L1_SingleMu14er1p5/0.00 L1_SingleMu18er1p5/0.00
317392,204,4,0.00,HLT_Mu10p5_IP3p5_part0_v2/0,OR,L1_SingleMu22/1.00 L1_SingleMu25/1.00 L1_SingleMu6er1p5/0.00 L1_SingleMu7er1p5/0.00 L1_SingleMu8er1p5/0.00 L1_SingleMu9er1p5/0.00 L1_SingleMu10er1p5/0.00 L1_SingleMu12er1p5/0.00 L1_SingleMu14er1p5/0.00 L1_SingleMu18er1p5/0.00
317392,513,5,0.00,HLT_Mu10p5_IP3p5_part0_v2/0,OR,L1_SingleMu22/1.00 L1_SingleMu25/1.00 L1_SingleMu6er1p5/0.00 L1_SingleMu7er1p5/0.00 L1_SingleMu8er1p5/0.00 L1_SingleMu9er1p5/0.00 L1_SingleMu10er1p5/1.00 L1_SingleMu12er1p5/1.00 L1_SingleMu14er1p5/1.00 L1_SingleMu18er1p5/1.00
317392,715,6,0.00,HLT_Mu10p5_IP3p5_part0_v2/0,OR,L1_SingleMu22/1.00 L1_SingleMu25/1.00 L1_SingleMu6er1p5/0.00 L1_SingleMu7er1p5/0.00 L1_SingleMu8er1p5/0.00 L1_SingleMu9er1p5/1.00 L1_SingleMu10er1p5/1.00 L1_SingleMu12er1p5/1.00 L1_SingleMu14er1p5/1.00 L1_SingleMu18er1p5/1.00
317392,1048,7,0.00,HLT_Mu10p5_IP3p5_part0_v2/0,OR,L1_SingleMu22/1.00 L1_SingleMu25/1.00 L1_SingleMu6er1p5/0.00 L1_SingleMu7er1p5/0.00 L1_SingleMu8er1p5/1.00 L1_SingleMu9er1p5/1.00 L1_SingleMu10er1p5/1.00 L1_SingleMu12er1p5/1.00 L1_SingleMu14er1p5/1.00 L1_SingleMu18er1p5/1.00
317392,1479,8,0.00,HLT_Mu10p5_IP3p5_part0_v2/0,OR,L1_SingleMu22/1.00 L1_SingleMu25/1.00 L1_SingleMu6er1p5/0.00 L1_SingleMu7er1p5/1.00 L1_SingleMu8er1p5/1.00 L1_SingleMu9er1p5/1.00 L1_SingleMu10er1p5/1.00 L1_SingleMu12er1p5/1.00 L1_SingleMu14er1p5/1.00 L1_SingleMu18er1p5/1.00
317392,1,2,0.00,HLT_Mu10p5_IP3p5_part0_v2/0,OR,L1_SingleMu22/1.00 L1_SingleMu25/1.00 L1_SingleMu6er1p5/0.00 L1_SingleMu7er1p5/0.00 L1_SingleMu8er1p5/0.00 L1_SingleMu9er1p5/0.00 L1_SingleMu10er1p5/0.00 L1_SingleMu12er1p5/0.00 L1_SingleMu14er1p5/0.00 L1_SingleMu18er1p5/0.00
317392,204,4,0.00,HLT_Mu10p5_IP3p5_part0_v2/0,OR,L1_SingleMu22/1.00 L1_SingleMu25/1.00 L1_SingleMu6er1p5/0.00 L1_SingleMu7er1p5/0.00 L1_SingleMu8er1p5/0.00 L1_SingleMu9er1p5/0.00 L1_SingleMu10er1p5/0.00 L1_SingleMu12er1p5/0.00 L1_SingleMu14er1p5/0.00 L1_SingleMu18er1p5/0.00
317392,513,5,0.00,HLT_Mu10p5_IP3p5_part0_v2/0,OR,L1_SingleMu22/1.00 L1_SingleMu25/1.00 L1_SingleMu6er1p5/0.00 L1_SingleMu7er1p5/0.00 L1_SingleMu8er1p5/0.00 L1_SingleMu9er1p5/0.00 L1_SingleMu10er1p5/1.00 L1_SingleMu12er1p5/1.00 L1_SingleMu14er1p5/1.00 L1_SingleMu18er1p5/1.00
317392,715,6,0.00,HLT_Mu10p5_IP3p5_part0_v2/0,OR,L1_SingleMu22/1.00 L1_SingleMu25/1.00 L1_SingleMu6er1p5/0.00 L1_SingleMu7er1p5/0.00 L1_SingleMu8er1p5/0.00 L1_SingleMu9er1p5/1.00 L1_SingleMu10er1p5/1.00 L1_SingleMu12er1p5/1.00 L1_SingleMu14er1p5/1.00 L1_SingleMu18er1p5/1.00
317392,1048,7,0.00,HLT_Mu10p5_IP3p5_part0_v2/0,OR,L1_SingleMu22/1.00 L1_SingleMu25/1.00 L1_SingleMu6er1p5/0.00 L1_SingleMu7er1p5/0.00 L1_SingleMu8er1p5/1.00 L1_SingleMu9er1p5/1.00 L1_SingleMu10er1p5/1.00 L1_SingleMu12er1p5/1.00 L1_SingleMu14er1p5/1.00 L1_SingleMu18er1p5/1.00
317392,1479,8,0.00,HLT_Mu10p5_IP3p5_part0_v2/0,OR,L1_SingleMu22/1.00 L1_SingleMu25/1.00 L1_SingleMu6er1p5/0.00 L1_SingleMu7er1p5/1.00 L1_SingleMu8er1p5/1.00 L1_SingleMu9er1p5/1.00 L1_SingleMu10er1p5/1.00 L1_SingleMu12er1p5/1.00 L1_SingleMu14er1p5/1.00 L1_SingleMu18er1p5/1.00
317435,1,2,0.00,HLT_Mu10p5_IP3p5_part0_v2/0,OR,L1_SingleMu22/1.00 L1_SingleMu25/1.00 L1_SingleMu6er1p5/0.00 L1_SingleMu7er1p5/0.00 L1_SingleMu8er1p5/0.00 L1_SingleMu9er1p5/0.00 L1_SingleMu10er1p5/0.00 L1_SingleMu12er1p5/0.00 L1_SingleMu14er1p5/0.00 L1_SingleMu18er1p5/0.00
317435,4,3,0.00,HLT_Mu10p5_IP3p5_part0_v2/0,OR,L1_SingleMu22/1.00 L1_SingleMu25/1.00 L1_SingleMu6er1p5/0.00 L1_SingleMu7er1p5/0.00 L1_SingleMu8er1p5/0.00 L1_SingleMu9er1p5/0.00 L1_SingleMu10er1p5/0.00 L1_SingleMu12er1p5/0.00 L1_SingleMu14er1p5/0.00 L1_SingleMu18er1p5/0.00
317435,214,4,0.00,HLT_Mu10p5_IP3p5_part0_v2/0,OR,L1_SingleMu22/1.00 L1_SingleMu25/1.00 L1_SingleMu6er1p5/0.00 L1_SingleMu7er1p5/0.00 L1_SingleMu8er1p5/0.00 L1_SingleMu9er1p5/0.00 L1_SingleMu10er1p5/1.00 L1_SingleMu12er1p5/1.00 L1_SingleMu14er1p5/1.00 L1_SingleMu18er1p5/1.00
317435,484,5,0.00,HLT_Mu10p5_IP3p5_part0_v2/0,OR,L1_SingleMu22/1.00 L1_SingleMu25/1.00 L1_SingleMu6er1p5/0.00 L1_SingleMu7er1p5/0.00 L1_SingleMu8er1p5/0.00 L1_SingleMu9er1p5/1.00 L1_SingleMu10er1p5/1.00 L1_SingleMu12er1p5/1.00 L1_SingleMu14er1p5/1.00 L1_SingleMu18er1p5/1.00
317435,832,6,0.00,HLT_Mu10p5_IP3p5_part0_v2/0,OR,L1_SingleMu22/1.00 L1_SingleMu25/1.00 L1_SingleMu6er1p5/0.00 L1_SingleMu7er1p5/0.00 L1_SingleMu8er1p5/1.00 L1_SingleMu9er1p5/1.00 L1_SingleMu10er1p5/1.00 L1_SingleMu12er1p5/1.00 L1_SingleMu14er1p5/1.00 L1_SingleMu18er1p5/1.00
317435,1375,7,0.00,HLT_Mu10p5_IP3p5_part0_v2/0,OR,L1_SingleMu22/1.00 L1_SingleMu25/1.00 L1_SingleMu6er1p5/0.00 L1_SingleMu7er1p5/1.00 L1_SingleMu8er1p5/1.00 L1_SingleMu9er1p5/1.00 L1_SingleMu10er1p5/1.00 L1_SingleMu12er1p5/1.00 L1_SingleMu14er1p5/1.00 L1_SingleMu18er1p5/1.00
317435,1,2,0.00,HLT_Mu10p5_IP3p5_part0_v2/0,OR,L1_SingleMu22/1.00 L1_SingleMu25/1.00 L1_SingleMu6er1p5/0.00 L1_SingleMu7er1p5/0.00 L1_SingleMu8er1p5/0.00 L1_SingleMu9er1p5/0.00 L1_SingleMu10er1p5/0.00 L1_SingleMu12er1p5/0.00 L1_SingleMu14er1p5/0.00 L1_SingleMu18er1p5/0.00
317435,4,3,0.00,HLT_Mu10p5_IP3p5_part0_v2/0,OR,L1_SingleMu22/1.00 L1_SingleMu25/1.00 L1_SingleMu6er1p5/0.00 L1_SingleMu7er1p5/0.00 L1_SingleMu8er1p5/0.00 L1_SingleMu9er1p5/0.00 L1_SingleMu10er1p5/0.00 L1_SingleMu12er1p5/0.00 L1_SingleMu14er1p5/0.00 L1_SingleMu18er1p5/0.00
317435,214,4,0.00,HLT_Mu10p5_IP3p5_part0_v2/0,OR,L1_SingleMu22/1.00 L1_SingleMu25/1.00 L1_SingleMu6er1p5/0.00 L1_SingleMu7er1p5/0.00 L1_SingleMu8er1p5/0.00 L1_SingleMu9er1p5/0.00 L1_SingleMu10er1p5/1.00 L1_SingleMu12er1p5/1.00 L1_SingleMu14er1p5/1.00 L1_SingleMu18er1p5/1.00
317435,484,5,0.00,HLT_Mu10p5_IP3p5_part0_v2/0,OR,L1_SingleMu22/1.00 L1_SingleMu25/1.00 L1_SingleMu6er1p5/0.00 L1_SingleMu7er1p5/0.00 L1_SingleMu8er1p5/0.00 L1_SingleMu9er1p5/1.00 L1_SingleMu10er1p5/1.00 L1_SingleMu12er1p5/1.00 L1_SingleMu14er1p5/1.00 L1_SingleMu18er1p5/1.00
317435,832,6,0.00,HLT_Mu10p5_IP3p5_part0_v2/0,OR,L1_SingleMu22/1.00 L1_SingleMu25/1.00 L1_SingleMu6er1p5/0.00 L1_SingleMu7er1p5/0.00 L1_SingleMu8er1p5/1.00 L1_SingleMu9er1p5/1.00 L1_SingleMu10er1p5/1.00 L1_SingleMu12er1p5/1.00 L1_SingleMu14er1p5/1.00 L1_SingleMu18er1p5/1.00
317435,1375,7,0.00,HLT_Mu10p5_IP3p5_part0_v2/0,OR,L1_SingleMu22/1.00 L1_SingleMu25/1.00 L1_SingleMu6er1p5/0.00 L1_SingleMu7er1p5/1.00 L1_SingleMu8er1p5/1.00 L1_SingleMu9er1p5/1.00 L1_SingleMu10er1p5/1.00 L1_SingleMu12er1p5/1.00 L1_SingleMu14er1p5/1.00 L1_SingleMu18er1p5/1.00
317438,1,7,0.00,HLT_Mu10p5_IP3p5_part0_v2/0,OR,L1_SingleMu22/1.00 L1_SingleMu25/1.00 L1_SingleMu6er1p5/0.00 L1_SingleMu7er1p5/1.00 L1_SingleMu8er1p5/1.00 L1_SingleMu9er1p5/1.00 L1_SingleMu10er1p5/1.00 L1_SingleMu12er1p5/1.00 L1_SingleMu14er1p5/1.00 L1_SingleMu18er1p5/1.00
317484,1,3,0.00,HLT_Mu10p5_IP3p5_part0_v2/0,OR,L1_SingleMu22/1.00 L1_SingleMu25/1.00 L1_SingleMu6er1p5/0.00 L1_SingleMu7er1p5/0.00 L1_SingleMu8er1p5/0.00 L1_SingleMu9er1p5/0.00 L1_SingleMu10er1p5/0.00 L1_SingleMu12er1p5/0.00 L1_SingleMu14er1p5/0.00 L1_SingleMu18er1p5/0.00
317484,145,4,0.00,HLT_Mu10p5_IP3p5_part0_v2/0,OR,L1_SingleMu22/1.00 L1_SingleMu25/1.00 L1_SingleMu6er1p5/0.00 L1_SingleMu7er1p5/0.00 L1_SingleMu8er1p5/0.00 L1_SingleMu9er1p5/0.00 L1_SingleMu10er1p5/1.00 L1_SingleMu12er1p5/1.00 L1_SingleMu14er1p5/1.00 L1_SingleMu18er1p5/1.00
317484,424,5,0.00,HLT_Mu10p5_IP3p5_part0_v2/0,OR,L1_SingleMu22/1.00 L1_SingleMu25/1.00 L1_SingleMu6er1p5/0.00 L1_SingleMu7er1p5/0.00 L1_SingleMu8er1p5/0.00 L1_SingleMu9er1p5/1.00 L1_SingleMu10er1p5/1.00 L1_SingleMu12er1p5/1.00 L1_SingleMu14er1p5/1.00 L1_SingleMu18er1p5/1.00
317488,1,5,0.00,HLT_Mu10p5_IP3p5_part0_v2/0,OR,L1_SingleMu22/1.00 L1_SingleMu25/1.00 L1_SingleMu6er1p5/0.00 L1_SingleMu7er1p5/0.00 L1_SingleMu8er1p5/0.00 L1_SingleMu9er1p5/1.00 L1_SingleMu10er1p5/1.00 L1_SingleMu12er1p5/1.00 L1_SingleMu14er1p5/1.00 L1_SingleMu18er1p5/1.00
317488,228,6,0.00,HLT_Mu10p5_IP3p5_part0_v2/0,OR,L1_SingleMu22/1.00 L1_SingleMu25/1.00 L1_SingleMu6er1p5/0.00 L1_SingleMu7er1p5/0.00 L1_SingleMu8er1p5/1.00 L1_SingleMu9er1p5/1.00 L1_SingleMu10er1p5/1.00 L1_SingleMu12er1p5/1.00 L1_SingleMu14er1p5/1.00 L1_SingleMu18er1p5/1.00
317488,708,7,0.00,HLT_Mu10p5_IP3p5_part0_v2/0,OR,L1_SingleMu22/1.00 L1_SingleMu25/1.00 L1_SingleMu6er1p5/0.00 L1_SingleMu7er1p5/1.00 L1_SingleMu8er1p5/1.00 L1_SingleMu9er1p5/1.00 L1_SingleMu10er1p5/1.00 L1_SingleMu12er1p5/1.00 L1_SingleMu14er1p5/1.00 L1_SingleMu18er1p5/1.00
317488,1,5,0.00,HLT_Mu10p5_IP3p5_part0_v2/0,OR,L1_SingleMu22/1.00 L1_SingleMu25/1.00 L1_SingleMu6er1p5/0.00 L1_SingleMu7er1p5/0.00 L1_SingleMu8er1p5/0.00 L1_SingleMu9er1p5/1.00 L1_SingleMu10er1p5/1.00 L1_SingleMu12er1p5/1.00 L1_SingleMu14er1p5/1.00 L1_SingleMu18er1p5/1.00
317488,228,6,0.00,HLT_Mu10p5_IP3p5_part0_v2/0,OR,L1_SingleMu22/1.00 L1_SingleMu25/1.00 L1_SingleMu6er1p5/0.00 L1_SingleMu7er1p5/0.00 L1_SingleMu8er1p5/1.00 L1_SingleMu9er1p5/1.00 L1_SingleMu10er1p5/1.00 L1_SingleMu12er1p5/1.00 L1_SingleMu14er1p5/1.00 L1_SingleMu18er1p5/1.00
317488,708,7,0.00,HLT_Mu10p5_IP3p5_part0_v2/0,OR,L1_SingleMu22/1.00 L1_SingleMu25/1.00 L1_SingleMu6er1p5/0.00 L1_SingleMu7er1p5/1.00 L1_SingleMu8er1p5/1.00 L1_SingleMu9er1p5/1.00 L1_SingleMu10er1p5/1.00 L1_SingleMu12er1p5/1.00 L1_SingleMu14er1p5/1.00 L1_SingleMu18er1p5/1.00
